key,year,title,source,doi,doi_url,source_url,pdf_url,local_file,status,license_or_oa_note,note,bib_file
verschueren2024guild,2024,A Diminished Large Carnivore Guild with Contrasting Species-Habitat Associations Persists Outside National Parks in Namibia's Central-Eastern Landscape,Biological Conservation,10.1016/j.biocon.2024.110741,https://doi.org/10.1016/j.biocon.2024.110741,https://research.brighton.ac.uk/en/publications/6387558e-17e5-4a51-b1e7-87a544d01945,https://cris.brighton.ac.uk/ws/files/54398179/a207634_.pdf,references/pdfs/verschueren2024guild_2024.pdf,downloaded open-access PDF,cc-by-nc-nd,already downloaded,cheetah_lit.bib
sousa2026kaza,2026,Multispecies Transboundary Landscape Connectivity in the {KAZA} {TFCA},Scientific Reports,10.1038/s41598-026-58440-y,https://doi.org/10.1038/s41598-026-58440-y,https://doi.org/10.1038/s41598-026-58440-y,https://www.nature.com/articles/s41598-026-58440-y_reference.pdf,references/pdfs/sousa2026kaza_2026.pdf,downloaded open-access PDF,cc-by,already downloaded,cheetah_lit.bib
hofmann2023wilddog,2023,A Three-Step Approach for Assessing Landscape Connectivity via Simulated Dispersal: African Wild Dog Case Study,Landscape Ecology,10.1007/s10980-023-01602-4,https://doi.org/10.1007/s10980-023-01602-4,https://doi.org/10.1007/s10980-023-01602-4,https://link.springer.com/content/pdf/10.1007/s10980-023-01602-4.pdf,references/pdfs/hofmann2023wilddog_2023.pdf,downloaded open-access PDF,cc-by,already downloaded,cheetah_lit.bib
lines2019kafuezambezi,2019,Status of Terrestrial Mammals at the Kafue--Zambezi Interface: Implications for Transboundary Connectivity,Oryx,10.1017/S0030605317001594,https://doi.org/10.1017/S0030605317001594,https://doi.org/10.1017/s0030605317001594,https://www.cambridge.org/core/services/aop-cambridge-core/content/view/889B2ABE647EBE33D813F69C05EA07B3/S0030605317001594a.pdf/div-class-title-status-of-terrestrial-mammals-at-the-kafue-zambezi-interface-implications-for-transboundary-connectivity-div.pdf,references/pdfs/lines2019kafuezambezi_2019.pdf,downloaded open-access PDF,,already downloaded,cheetah_lit.bib
mulenga2025kafue,2025,"Factors Influencing Cheetah (\emph{Acinonyx jubatus}) Distribution in Kafue National Park, Zambia","University of Cape Town, Department of Biological Sciences",,,,,,no open PDF located,,Use the DOI or source link to check library access.,cheetah_lit.bib
mutoro2025kenya,2025,Impact of Anthropogenic Landscape Alteration on the Distribution of Potential Cheetah (\emph{Acinonyx jubatus}) Habitats in Southern Kenya: Revealing Cheetah Behavioural Change,Global Ecology and Conservation,10.1016/j.gecco.2025.e03637,https://doi.org/10.1016/j.gecco.2025.e03637,https://eplus.uni-salzburg.at/doi/10.1016/j.gecco.2025.e03637,https://eplus.uni-salzburg.at/obvusboa/content/titleinfo/13451377/full.pdf,references/pdfs/mutoro2025kenya_2025.pdf,downloaded open-access PDF,,already downloaded,cheetah_lit.bib
dimbleby2024rewilding,2024,Rewilding Landscapes with Apex Predators: Cheetah (\emph{Acinonyx jubatus}) Movements Reveal the Importance of Environmental and Individual Contexts,Frontiers in Conservation Science,10.3389/fcosc.2024.1351366,https://doi.org/10.3389/fcosc.2024.1351366,https://doi.org/10.3389/fcosc.2024.1351366,https://www.frontiersin.org/journals/conservation-science/articles/10.3389/fcosc.2024.1351366/pdf,references/pdfs/dimbleby2024rewilding_2024.pdf,downloaded open-access PDF,public repository/open publisher copy,already downloaded,cheetah_lit.bib
musenge2026liuwa,2026,Four Decades of Spatio-Temporal Habitat Dynamics in a Human-Wildlife Co-Existence Landscape in the Liuwa Ecosystem of Zambia,Discover Geoscience,10.1007/s44288-026-00639-7,https://doi.org/10.1007/s44288-026-00639-7,https://doi.org/10.1007/s44288-026-00639-7,https://link.springer.com/content/pdf/10.1007/s44288-026-00639-7.pdf,references/pdfs/musenge2026liuwa_2026.pdf,downloaded open-access PDF,cc-by-nc-nd,already downloaded,cheetah_lit.bib
buk2018metapopulation,2018,Conservation of Severely Fragmented Populations: Lessons from the Transformation of Uncoordinated Reintroductions of Cheetahs (\emph{Acinonyx jubatus}) into a Managed Metapopulation with Self-Sustained Growth,Biodiversity and Conservation,10.1007/s10531-018-1606-y,https://doi.org/10.1007/s10531-018-1606-y,https://doi.org/10.1007/s10531-018-1606-y,,,no open PDF located,,Use the DOI or source link to check library access.,cheetah_lit.bib
moqanaki2016iran,2017,All Roads Lead to Iran: Predicting Landscape Connectivity of the Last Stronghold for the Critically Endangered Asiatic Cheetah,Animal Conservation,10.1111/acv.12281,https://doi.org/10.1111/acv.12281,https://doi.org/10.1111/acv.12281,https://www.fs.usda.gov/rm/pubs_journals/2016/rmrs_2016_moqanaki_e001.pdf,references/pdfs/moqanaki2016iran_2017.pdf,downloaded open-access PDF,public repository/open publisher copy,already downloaded,cheetah_lit.bib
weise2017distribution,2017,The Distribution and Numbers of Cheetah (Acinonyx jubatus) in Southern Africa,PeerJ,10.7717/peerj.4096,https://doi.org/10.7717/peerj.4096,https://doi.org/10.7717/peerj.4096,https://europepmc.org/articles/PMC5729830?pdf=render,references/pdfs/weise2017distribution_2017.pdf,downloaded open-access PDF,public repository/open publisher copy,already downloaded,cheetah_lit.bib
mcrae2008circuit,2008,"Using Circuit Theory to Model Connectivity in Ecology, Evolution, and Conservation",Ecology,10.1890/07-1861.1,https://doi.org/10.1890/07-1861.1,https://doi.org/10.1890/07-1861.1,,,no open PDF located,,Use the DOI or source link to check library access.,methods_canon.bib
adriaensen2003leastcost,2003,The Application of `Least-Cost' Modelling as a Functional Landscape Model,Landscape and Urban Planning,10.1016/S0169-2046(02)00242-6,https://doi.org/10.1016/S0169-2046(02)00242-6,https://doi.org/10.1016/S0169-2046(02)00242-6,,,no open PDF located,,Use the DOI or source link to check library access.,methods_canon.bib
beier2008forks,2008,Forks in the Road: Choices in Procedures for Designing Wildland Linkages,Conservation Biology,10.1111/j.1523-1739.2008.00942.x,https://doi.org/10.1111/j.1523-1739.2008.00942.x,https://doi.org/10.1111/j.1523-1739.2008.00942.x,,,no open PDF located,,Use the DOI or source link to check library access.,methods_canon.bib
zeller2012resistance,2012,Estimating Landscape Resistance to Movement: A Review,Landscape Ecology,10.1007/s10980-012-9737-0,https://doi.org/10.1007/s10980-012-9737-0,https://doi.org/10.1007/s10980-012-9737-0,,,no open PDF located,,Use the DOI or source link to check library access.,methods_canon.bib
zeller2018equal,2018,Are All Data Types and Connectivity Models Created Equal? Validating Common Connectivity Approaches with Dispersal Data,Diversity and Distributions,10.1111/ddi.12742,https://doi.org/10.1111/ddi.12742,https://doi.org/10.1111/ddi.12742,https://onlinelibrary.wiley.com/doi/pdfdirect/10.1111/ddi.12742,,open PDF link found but download failed,,download failed: HTTPError,methods_canon.bib
keeley2021metrics,2021,Connectivity Metrics for Conservation Planning and Monitoring,Biological Conservation,10.1016/j.biocon.2021.109008,https://doi.org/10.1016/j.biocon.2021.109008,https://doi.org/10.1016/j.biocon.2021.109008,https://www.sciencedirect.com/science/article/pii/S0006320721000604/pdf,,open PDF link found but download failed,cc-by-nc-nd,download failed: HTTPError,methods_canon.bib
saura2007pc,2007,A New Habitat Availability Index to Integrate Connectivity in Landscape Conservation Planning: Comparison with Existing Indices and Application to a Case Study,Landscape and Urban Planning,10.1016/j.landurbplan.2007.03.005,https://doi.org/10.1016/j.landurbplan.2007.03.005,https://doi.org/10.1016/j.landurbplan.2007.03.005,,,no open PDF located,,Use the DOI or source link to check library access.,methods_canon.bib
saura2009conefor,2009,Conefor Sensinode 2.2: A Software Package for Quantifying the Importance of Habitat Patches for Landscape Connectivity,Environmental Modelling \& Software,10.1016/j.envsoft.2008.05.005,https://doi.org/10.1016/j.envsoft.2008.05.005,https://doi.org/10.1016/j.envsoft.2008.05.005,,,no open PDF located,,Use the DOI or source link to check library access.,methods_canon.bib
roberts2017cv,2017,"Cross-Validation Strategies for Data with Temporal, Spatial, Hierarchical, or Phylogenetic Structure",Ecography,10.1111/ecog.02881,https://doi.org/10.1111/ecog.02881,https://doi.org/10.1111/ecog.02881,,,no open PDF located,,Use the DOI or source link to check library access.,methods_canon.bib
anantharaman2020circuitscape,2020,Circuitscape in {J}ulia: High Performance Connectivity Modelling to Support Conservation Decisions,Proceedings of the JuliaCon Conferences,10.21105/jcon.00058,https://doi.org/10.21105/jcon.00058,https://doi.org/10.21105/jcon.00058,https://proceedings.juliacon.org/papers/10.21105/jcon.00058.pdf,references/pdfs/anantharaman2020circuitscape_2020.pdf,downloaded open-access PDF,cc-by,already downloaded,methods_canon.bib
landau2021omniscape,2021,Omniscape.jl: Software to Compute Omnidirectional Landscape Connectivity,Journal of Open Source Software,10.21105/joss.02829,https://doi.org/10.21105/joss.02829,https://doi.org/10.21105/joss.02829,https://joss.theoj.org/papers/10.21105/joss.02829.pdf,references/pdfs/landau2021omniscape_2021.pdf,downloaded open-access PDF,cc-by,already downloaded,methods_canon.bib
naidoo2024kaza,2024,"Landscape Connectivity for African Elephants in the World's Largest Transfrontier Conservation Area: A Collaborative, Multi-Scalar Assessment",Journal of Applied Ecology,10.1111/1365-2664.14746,https://doi.org/10.1111/1365-2664.14746,https://hal.science/hal-04916622,https://hal.science/hal-04916622v1/file/Journal%20of%20Applied%20Ecology%20-%202024%20-%20Naidoo%20-%20Landscape%20connectivity%20for%20African%20elephants%20in%20the%20world%20s%20largest.pdf,,open PDF link found but download failed,cc-by-nc-nd,link did not return a PDF,methods_canon.bib
brennan2020multispecies,2020,Characterizing Multispecies Connectivity across a Transfrontier Conservation Landscape,Journal of Applied Ecology,10.1111/1365-2664.13716,https://doi.org/10.1111/1365-2664.13716,https://doi.org/10.1111/1365-2664.13716,https://onlinelibrary.wiley.com/doi/pdfdirect/10.1111/1365-2664.13716,,open PDF link found but download failed,,download failed: HTTPError,methods_canon.bib
osipova2018fencing,2018,Fencing Solves Human-Wildlife Conflict Locally but Shifts Problems Elsewhere: A Case Study Using Functional Connectivity Modelling of the African Elephant,Journal of Applied Ecology,10.1111/1365-2664.13246,https://doi.org/10.1111/1365-2664.13246,https://doi.org/10.1111/1365-2664.13246,,,no open PDF located,,Use the DOI or source link to check library access.,methods_canon.bib
marker2008spatial,2008,Spatial Ecology of Cheetahs on North-Central Namibian Farmlands,Journal of Zoology,10.1111/j.1469-7998.2007.00375.x,https://doi.org/10.1111/j.1469-7998.2007.00375.x,https://doi.org/10.1111/j.1469-7998.2007.00375.x,https://onlinelibrary.wiley.com/doi/pdfdirect/10.1111/j.1469-7998.2007.00375.x,,open PDF link found but download failed,,download failed: HTTPError,methods_canon.bib
melzheimer2020hubs,2020,Communication Hubs of an Asocial Cat Are the Source of a Human--Carnivore Conflict and Key to Its Solution,Proceedings of the National Academy of Sciences,10.1073/pnas.2002487117,https://doi.org/10.1073/pnas.2002487117,https://doi.org/10.1073/pnas.2002487117,https://europepmc.org/articles/PMC7776775?pdf=render,references/pdfs/melzheimer2020hubs_2020.pdf,downloaded open-access PDF,cc-by-nc-nd,already downloaded,methods_canon.bib
meijer2018grip,2018,Global Patterns of Current and Future Road Infrastructure,Environmental Research Letters,10.1088/1748-9326/aabd42,https://doi.org/10.1088/1748-9326/aabd42,https://doi.org/10.1088/1748-9326/aabd42,https://iopscience.iop.org/article/10.1088/1748-9326/aabd42/pdf,references/pdfs/meijer2018grip_2018.pdf,downloaded open-access PDF,cc-by,already downloaded,methods_canon.bib
kennedy2019ghm,2019,Managing the Middle: A Shift in Conservation Priorities Based on the Global Human Modification Gradient,Global Change Biology,10.1111/gcb.14549,https://doi.org/10.1111/gcb.14549,https://doi.org/10.1111/gcb.14549,,,no open PDF located,,Use the DOI or source link to check library access.,methods_canon.bib
