surface,availability_buffer_km,availability_area_km2,measure,n_observed,n_available,median_observed,median_available,prob_observed_in_expected_direction,mann_whitney_p_one_sided
final_balanced_fence_documented,0,15719.5,resistance (all points),1006,10060,2.2349724769592285,2.4525609016418457,0.5968053507977977,1.8200946026933824e-24
final_balanced_fence_documented,0,15719.5,current (all points),1006,10060,0.15613535778624166,0.14458676690373756,0.6492376753396124,2.1571123223950677e-55
final_balanced_fence_documented,0,15719.5,current (outside cores),1006,10060,0.15613535778624166,0.14458676690373756,0.6492376753396124,2.1571123223950677e-55
primary_unfenced,0,15719.5,resistance (all points),1006,10060,2.0324039459228516,2.3437094688415527,0.609479652897723,9.494198765286901e-31
primary_unfenced,0,15719.5,current (all points),1006,10060,0.14257045181644595,0.12753840922853463,0.6465298171211301,1.7791030252262745e-53
primary_unfenced,0,15719.5,current (outside cores),1006,10060,0.14257045181644595,0.12753840922853463,0.6465298171211301,1.7791030252262745e-53
final_balanced_fence_documented,20,27126.6,resistance (all points),1006,10060,2.2349724769592285,2.4569220542907715,0.5964422708283105,2.684658105455832e-24
final_balanced_fence_documented,20,27126.6,current (all points),1006,10060,0.15613535778624166,0.14514660143282287,0.6238258322826461,8.893583782979422e-39
final_balanced_fence_documented,20,27126.6,current (outside cores),1006,10060,0.15613535778624166,0.14514660143282287,0.6238258322826461,8.893583782979422e-39
primary_unfenced,20,27126.6,resistance (all points),1006,10060,2.0324039459228516,2.352317452430725,0.6103589694437748,3.2614133907433745e-31
primary_unfenced,20,27126.6,current (all points),1006,10060,0.14257045181644595,0.12778804081159428,0.6289001082965429,7.516569869784032e-42
primary_unfenced,20,27126.6,current (outside cores),1006,10060,0.14257045181644595,0.12778804081159428,0.6289001082965429,7.516569869784032e-42
