year,from_core,to_core,candidate_path,geometry_sha256,old_cost,new_cost,old_route_candidate_cost,optimized_cost_change_pct,old_length_km,new_length_km,fallback_length_m,below95pct_coverage_valid_length_m,source_endpoint_shift_km,destination_endpoint_shift_km,new_within_1000m_of_old_pct,old_within_1000m_of_new_pct,new_within_5000m_of_old_pct,old_within_5000m_of_new_pct
2012,1,9,C:\cheetah\diagnostics\vcf_v2_balanced_overnight_v1\2012\source_1\attempt_bb97a72e1c.gdb\route_9_c69f43cd83,4a267c7590531fd0b6fa4256276371aa1ee260feb0b6783a98fec766cbf5e2f4,133465.09375,134381.375,134447.12623626462,0.6865325039342007,99.698484809842,99.698484809835,0.0,0.0,2.053140654404533e-08,2.0527930048796563e-08,95.98790285529104,95.57243665226328,100.0,100.0
2012,1,13,C:\cheetah\diagnostics\vcf_v2_balanced_overnight_v1\2012\source_1\attempt_bb97a72e1c.gdb\route_13_1a3283aa1e,098b75dc701552288ba3228af0ef3f26f103eae5d068b25649ae1a06ddd4ad59,311715.03125,313189.65625,313661.25547889457,0.47306830026343505,209.10764773832702,209.10764773832483,0.0,0.0,2.053140654404533e-08,2.0530976922847057e-08,98.08710962720068,97.88902336943512,100.0,100.0
2012,1,17,C:\cheetah\diagnostics\vcf_v2_balanced_overnight_v1\2012\source_1\attempt_bb97a72e1c.gdb\route_17_33c610190c,ce4c76171ef5e56f262f6ca25b31e43db64c753ce7c8439c98440feb9f68ce24,366270.03125,368400.1875,368730.80768906215,0.5815808196838468,243.3969696196671,243.39696961967005,0.0,0.0,2.053140654404533e-08,2.053010432414906e-08,91.89475441926903,91.89475444462974,100.0,100.0
2012,9,13,C:\cheetah\diagnostics\vcf_v2_balanced_overnight_v1\2012\source_9\attempt_d3e143f1e3.gdb\route_13_c435b67a40,40f716140051ed700f82b9a1259630f408f13592a21a718b35e24ef96ae155d6,50743.9453125,50939.43359375,50962.124729873096,0.38524454503114924,25.556349186102135,25.97056274847714,0.0,0.0,0.9999999928213659,2.0530976922847057e-08,100.0,99.99999996238465,100.0,100.00000000000001
2012,9,17,C:\cheetah\diagnostics\vcf_v2_balanced_overnight_v1\2012\source_9\attempt_d3e143f1e3.gdb\route_17_3ff2b88443,5ba3c4c0ac2f8acdc2853d4cf311a128f12753ed154a0ea7f0bc2aeb604cb1cf,96538.2578125,96937.3984375,97017.05664539758,0.4134533127531981,56.2426406871292,55.828427124746185,0.0,0.0,2.052837437403065e-08,1.0000000071786346,96.41759572071801,95.70750314592047,100.0,100.0
2012,13,17,C:\cheetah\diagnostics\vcf_v2_balanced_overnight_v1\2012\source_13\attempt_7396c19731.gdb\route_17_3df3898d97,ac33e9f8d0a49aaf241d8c08b72f63bfe33376420666e2b39f3d81cd0f247428,165013.015625,165529.96875,166151.95773604006,0.3132802118923861,98.42640687118347,98.42640687119285,0.0,0.0,2.0529231730611176e-08,2.053010432414906e-08,83.6719959512317,83.67199599023031,100.00000000000001,100.00000000000001
2012,17,24,C:\cheetah\diagnostics\vcf_v2_balanced_overnight_v1\2012\source_17\attempt_d323dd3398.gdb\route_24_a52facb8d3,ec80d6e5c81c85bdccb2178d4b51c2bfe2f23de1b06be3365fa94d28f363a374,59862.44140625,60664.13671875,60690.539133268045,1.3392292289908125,32.07106781186861,32.48528137423857,0.0,0.0,1.000000007171184,2.053140654404533e-08,99.99999999999999,99.99999997001397,100.0,100.0
2012,18,24,C:\cheetah\diagnostics\vcf_v2_balanced_overnight_v1\2012\source_18\attempt_56404646d3.gdb\route_24_e7767c5b8a,4ef46f7a5a1b876fa38ffeb0b01423c993346fc0bca792f253ad768a01f88b44,23775.130859375,23903.06640625,24005.996736750432,0.538106593951948,9.41421356237589,9.414213562373096,0.0,0.0,2.0529661472829227e-08,2.053227908740045e-08,100.0,100.00000002697355,100.0,100.0
2012,18,28,C:\cheetah\diagnostics\vcf_v2_balanced_overnight_v1\2012\source_18\attempt_56404646d3.gdb\route_28_943ccf8c8f,458768814cc1b9ad4ffa4cae9271fdfa1a0263532229f7ece4c71ba36f03ae24,252119.375,252358.328125,252805.35882766417,0.09477777144260013,155.14213562373357,155.14213562373095,0.0,0.0,2.053140654404533e-08,2.053140654404533e-08,100.0,99.9999999850345,100.0,100.0
2012,18,33,C:\cheetah\diagnostics\vcf_v2_balanced_overnight_v1\2012\source_18\attempt_56404646d3.gdb\route_33_8d27dad429,9a2649e1bd88c1fff5bb7267cdbc8458999c61ad9ed2464fc7cd3b67d24a83c7,187789.921875,188309.046875,189018.96597744065,0.2764392225188539,117.98275605730149,117.98275605729688,0.0,0.0,2.053140654404533e-08,2.0529661472829227e-08,82.43139702887319,82.43139709921866,100.0,100.0
2012,24,28,C:\cheetah\diagnostics\vcf_v2_balanced_overnight_v1\2012\source_24\attempt_1f2b3fda3c.gdb\route_28_44a0d3c680,0c1ca827f5eac79d6c701abf44d2e23d7a3001511fe58d512cce513508a26365,33970.3984375,34111.82421875,34111.82296276238,0.41632064313346095,21.00000000000093,21.0,0.0,0.0,2.0529661472829227e-08,2.0528788944969563e-08,100.0,100.0,100.0,100.0
2012,24,33,C:\cheetah\diagnostics\vcf_v2_balanced_overnight_v1\2012\source_24\attempt_1f2b3fda3c.gdb\route_33_ba301b9c9a,bfa72c3e6a6c3413ecd04408c18ae3f6693e5a64967b590b53041ee4e1d12e43,62614.0859375,62695.45703125,62873.21378310573,0.1299565305979522,39.698484809838924,39.698484809834994,0.0,0.0,2.0530534005854702e-08,2.0529661472829227e-08,20.330921666540128,19.287522621264916,100.0,100.0
2012,24,38,C:\cheetah\diagnostics\vcf_v2_balanced_overnight_v1\2012\source_24\attempt_1f2b3fda3c.gdb\route_38_4bab2b799a,eafa682ea412d5deaadf18f8bd4e2276a208bdd2e56c953d8beaf1f41002fa56,174864.953125,175237.59375,175575.78417400154,0.21310195001373877,105.1421356237292,105.55634918610404,0.0,0.0,2.0529661472829227e-08,1.0000000071786346,100.0,100.0000000091474,100.0,100.0
2012,26,27,C:\cheetah\diagnostics\vcf_v2_balanced_overnight_v1\2012\source_26\attempt_84bde2c0d6.gdb\route_27_113e9846bf,07919546fa67fc63fbdf1e0784f42e2230e3d8bcd553005c49716012bc7e7596,223509.359375,224367.203125,225147.33300513148,0.38380663449566477,109.69848480984002,110.52691193458121,0.0,0.0,2.053140654404533e-08,2.053227908740045e-08,99.99999999999997,99.99999999326839,100.0,100.0
2012,26,31,C:\cheetah\diagnostics\vcf_v2_balanced_overnight_v1\2012\source_26\attempt_84bde2c0d6.gdb\route_31_8427b05f19,9a98b2dc4c18c5be455e443ea852c7de8dce1a4188f0f0f84c8d60f30345aa1a,50034.046875,50087.9375,50108.25827538841,0.10770790764662586,23.899494936615614,23.899494936611667,0.0,0.0,2.053140654404533e-08,2.052835914223407e-08,71.42857158600326,71.42857142176995,100.0,100.0
2012,26,32,C:\cheetah\diagnostics\vcf_v2_balanced_overnight_v1\2012\source_26\attempt_84bde2c0d6.gdb\route_32_8a5495c73b,c6151cda7d27ec2957114515c5f66492c825bfa6f5ef58a31494246e57f858cf,273497.8125,274970.0,275711.9052214121,0.5382812705311935,118.15432893255138,117.5685424949238,0.0,0.0,2.0530534005854702e-08,2.0529661472829227e-08,95.18846272187425,94.22075595513525,100.0,100.0
2012,27,30,C:\cheetah\diagnostics\vcf_v2_balanced_overnight_v1\2012\source_27\attempt_7b17f986da.gdb\route_30_2ac16fbaed,5f5cfeefa1445e93a34dc2d0e993124480a98af026bcc6222bd047e8fd3fd9f4,372966.46875,373776.4375,374566.6786333115,0.2171693216054038,203.45584412272163,205.52691193458125,0.0,0.0,2.052705740508603e-08,1.0000000192346052,85.36879305546275,86.23780010994527,100.0,100.0
2012,27,31,C:\cheetah\diagnostics\vcf_v2_balanced_overnight_v1\2012\source_27\attempt_7b17f986da.gdb\route_31_a2daa47a3d,bf0e8b27b79c0cddbcd9e4c3122a86480bebbfc638aaaefaf2f84fbf3906c006,695424.4375,697084.0,698987.7528084836,0.23864023328918904,317.50966799187825,319.16652224137044,0.0,0.0,2.053227908740045e-08,2.052835914223407e-08,92.69544054232801,92.65732335216221,100.0,100.0
2012,27,32,C:\cheetah\diagnostics\vcf_v2_balanced_overnight_v1\2012\source_27\attempt_7b17f986da.gdb\route_32_a44fbf9079,91cfc63c695a970a01b24def6e926d96288a747ae2254f42a81001aacfd771ae,977860.6875,979732.75,982976.824706896,0.19144470413123837,445.79393923934475,446.622366364086,0.0,3000.0,2.053227908740045e-08,2.0529661472829227e-08,88.53322017549343,88.69774312866376,100.00000000000003,99.99999999834375
2012,27,41,C:\cheetah\diagnostics\vcf_v2_balanced_overnight_v1\2012\source_27\attempt_7b17f986da.gdb\route_41_6de5b8682c,5ba47f2ca72eff29f77e530f5f46c5e7d9abbff82bfb592c93be77c5c97104c1,313532.125,314837.34375,317862.6348464513,0.41629506067359934,158.19595949289322,158.1959594928933,0.0,0.0,2.053227908740045e-08,2.052835914223407e-08,19.117201742504147,19.117201717785832,35.02704227226892,34.86231984856593
2012,28,33,C:\cheetah\diagnostics\vcf_v2_balanced_overnight_v1\2012\source_28\attempt_f5163b8f08.gdb\route_33_159ba36a3b,138f4416038cbb622cbf6edc890726a2da8ab8a08fac6c07aa2e70b2afb68a58,36283.96875,36249.86328125,36249.86422064772,-0.09399597101681367,21.000000000011177,21.0,0.0,0.0,2.052750166470152e-08,2.053140654404533e-08,100.0,100.0,100.0,100.0
2012,28,38,C:\cheetah\diagnostics\vcf_v2_balanced_overnight_v1\2012\source_28\attempt_f5163b8f08.gdb\route_38_ba64ae7e43,8f23b468c675d161b08daebbd5f48a0bfb7d2b4e7988a8210b50025620d1aa64,69777.640625,70009.1796875,70114.75853289118,0.3318241494354002,35.556349186098394,35.55634918610404,0.0,0.0,2.052705740508603e-08,2.0530534005854702e-08,100.0,99.99999999225221,100.0,100.0
2012,30,36,C:\cheetah\diagnostics\vcf_v2_balanced_overnight_v1\2012\source_30\attempt_da344fecba.gdb\route_36_2792bc7064,0eb29a59d6ab7776863b7988440a0055fbaa04d267c214915a3d931549ab44a4,50553.203125,50595.5078125,50748.97569417825,0.08368349557474897,30.99999999999907,31.0,0.0,0.0,4.000000007171184,4.000000007171184,0.0,0.0,100.0,100.0
2012,30,40,C:\cheetah\diagnostics\vcf_v2_balanced_overnight_v1\2012\source_30\attempt_da344fecba.gdb\route_40_070ccd6c0c,d74b1e76ec5e8af7e2328bce893fee47c21299f1e40699111f44b3aca92526ba,237652.265625,237663.3125,238352.72038831495,0.004648335655854652,136.26702730475833,136.2670273047588,0.0,0.0,2.053227908740045e-08,2.0529231730611176e-08,92.9132862124689,93.21725819855256,100.0,100.0
2012,30,41,C:\cheetah\diagnostics\vcf_v2_balanced_overnight_v1\2012\source_30\attempt_da344fecba.gdb\route_41_e90840869d,96851e693d50fc6e41697470be641b5403f426c46bbc667fd57a5fbfb8e72b53,314232.15625,314458.0,315642.43409868743,0.07187162278208259,169.90663761154846,169.90663761154806,0.0,0.0,2.0530534005854702e-08,2.0529661472829227e-08,57.734915919767595,57.73491598235615,100.00000000000001,100.00000000000001
2012,31,32,C:\cheetah\diagnostics\vcf_v2_balanced_overnight_v1\2012\source_31\attempt_75e0c26df1.gdb\route_32_e109a56f75,48c6c5af110ec28ec9b73d6646f3b3aae26c366ecdb387a6faf5efd864394a0a,128552.9921875,128623.4453125,128734.15687442296,0.054804733675317685,64.31370849897642,64.31370849898475,0.0,3000.0,2.0529231730611176e-08,2.0529661472829227e-08,100.0,99.99999998851975,100.0,100.0
2012,33,38,C:\cheetah\diagnostics\vcf_v2_balanced_overnight_v1\2012\source_33\attempt_6ff2c5d04e.gdb\route_38_cbc3469b0d,1666d7190c57d673eec94adb5787a369ddb141cf8dd1811ea57cf34eba34bd0e,66737.8046875,66791.53125,66859.90953445717,0.08050394038516817,41.00000000000186,41.0,0.0,0.0,0.9999999928213659,0.9999999928213659,100.0,99.99999999999773,100.0,100.0
2012,36,40,C:\cheetah\diagnostics\vcf_v2_balanced_overnight_v1\2012\source_36\attempt_d6ce475fc3.gdb\route_40_b807811a5f,c0579ac798febe94131ba6d6e50c8684170188dc8bc6f4adf85558420b091ca8,118460.2265625,118677.234375,118954.01504796595,0.18319044188683797,63.84062043356856,63.840620433565945,0.0,0.0,2.052835914223407e-08,2.0529231730611176e-08,100.0,100.0,100.0,100.0
2012,36,41,C:\cheetah\diagnostics\vcf_v2_balanced_overnight_v1\2012\source_36\attempt_d6ce475fc3.gdb\route_41_8920d16d94,2975f62f24a789f8d7b2311eb45f5478ce1fc23f687e837e1b6681793ab626c7,276710.90625,277576.03125,277726.78317411675,0.3126457904114588,149.195959492894,149.19595949289334,0.0,0.0,2.0530534005854702e-08,2.0529661472829227e-08,99.99999999999999,99.99999999614893,100.0,100.0
2012,36,43,C:\cheetah\diagnostics\vcf_v2_balanced_overnight_v1\2012\source_36\attempt_d6ce475fc3.gdb\route_43_8c7c0b76ea,7a190d1b85b04f43fe9f07bbf94913d0950d5e9bd6277637afcae1100002c989,264659.71875,264569.28125,265121.9465961106,-0.03417123709914538,111.74011537018268,111.74011537017762,0.0,0.0,2.053140654404533e-08,2.0526184766532554e-08,83.76399064382419,83.76399065428203,100.0,100.00000000000001
2012,38,40,C:\cheetah\diagnostics\vcf_v2_balanced_overnight_v1\2012\source_38\attempt_44df8ca086.gdb\route_40_3cc94758e3,3d9ec60d9549290bbd5658513cfad46de7ff0e326ee8d8c4bd67f096ad8754fd,49111.98046875,49447.64453125,49594.24476017557,0.6834667616663959,25.556349186109426,25.556349186104047,0.0,0.0,2.053140654404533e-08,2.0527930048796563e-08,100.0,100.00000000993627,100.0,100.0
2012,38,42,C:\cheetah\diagnostics\vcf_v2_balanced_overnight_v1\2012\source_38\attempt_44df8ca086.gdb\route_42_438987279f,6af5a029cc48b2e3fedd5a79bf0c003143117323e63b6e50e89c4a424f614b64,53507.265625,53868.78515625,53868.78413528634,0.6756456848004078,29.698484809835655,29.698484809834998,0.0,0.0,2.0530534005854702e-08,2.0529661472829227e-08,100.0,100.0,100.0,100.0
2012,40,42,C:\cheetah\diagnostics\vcf_v2_balanced_overnight_v1\2012\source_40\attempt_b01c33b8cb.gdb\route_42_d807d6bc2f,3a053de3a116734bc1fce6f7e16c278a4d556cfaf9f1fd0002478b3c9df86733,55018.05859375,54987.77734375,55187.776390344545,-0.05503874686599852,21.41421356237139,21.82842712474619,0.0,0.0,2.053010432414906e-08,1.0000000071786346,100.0,100.00000004490866,100.0,100.0
2012,40,43,C:\cheetah\diagnostics\vcf_v2_balanced_overnight_v1\2012\source_40\attempt_b01c33b8cb.gdb\route_43_e34d19b553,6590065fe411799b69f3a80d189bac458064a42dd9f5a473f295056c45ce3904,295957.375,296420.46875,296808.3877890286,0.1564731238746786,133.36753236814778,133.36753236814712,0.0,0.0,2.053010432414906e-08,2.053140654404533e-08,100.0,100.00000000509928,100.0,100.0
2012,40,45,C:\cheetah\diagnostics\vcf_v2_balanced_overnight_v1\2012\source_40\attempt_b01c33b8cb.gdb\route_45_c5caf6a686,8e9aedffc8c5a42b4e38ccff04998ae831d0d4a1c6d0991c26b11f10b8ff7502,299091.75,299354.625,300338.82190048293,0.08789109027580455,136.89444430272667,138.06601717798213,0.0,0.0,2.053010432414906e-08,2.053227908740045e-08,68.59810992406793,69.1851876265234,100.0,100.0
2012,41,43,C:\cheetah\diagnostics\vcf_v2_balanced_overnight_v1\2012\source_41\attempt_5447ef8b87.gdb\route_43_588771d64e,b326d6d1e5cc6c7ee645923b0fc1cad8d84ff5e78e3c76d8551d78c7bd37b463,276021.90625,275876.34375,277178.7026435236,-0.05273585056259078,93.88225099390965,95.05382386916237,0.0,0.0,2.0530534005854702e-08,2.0530534005854702e-08,86.42927304351464,87.9490442564442,100.0,100.0
2012,41,45,C:\cheetah\diagnostics\vcf_v2_balanced_overnight_v1\2012\source_41\attempt_5447ef8b87.gdb\route_45_650fb9477b,16ae6a90fb2aff07b41ab9607afe3e5a18e36023b8283467627c3ac0e3880b92,415009.625,414191.8125,417199.584785744,-0.19705868267513305,147.5218613006976,148.69343417595164,0.0,0.0,2.0530534005854702e-08,2.053227908740045e-08,76.82759551503565,77.71851760907501,100.0,100.0
2012,42,50,C:\cheetah\diagnostics\vcf_v2_balanced_overnight_v1\2012\source_42\attempt_16facddbf2.gdb\route_50_6acd551775,8fc3250bcd00d320ae5c3658282a63dc5f590c9551aac0a8ed4fb70ec6f743f0,95022.234375,94738.6484375,94738.6457145776,-0.2984416640644749,51.41421356237216,51.41421356237309,0.0,0.0,2.053140654404533e-08,2.053227908740045e-08,100.0,100.0,100.0,100.0
2012,43,45,C:\cheetah\diagnostics\vcf_v2_balanced_overnight_v1\2012\source_43\attempt_f2581f4b38.gdb\route_45_89e8e4a883,2d57212a7a74a56f326cdd28533377407c62c383df28ec2c855bd163e1c95b75,73489.4453125,73698.75,73698.74828587385,0.28480918125040056,25.5563491861035,25.556349186104047,0.0,0.0,2.0527486559018397e-08,2.053227908740045e-08,100.0,100.00000000000001,100.0,100.00000000000001
2012,43,49,C:\cheetah\diagnostics\vcf_v2_balanced_overnight_v1\2012\source_43\attempt_f2581f4b38.gdb\route_49_26ec8cf529,5aebf6038c92fa447c6e1290010de4df93cc4534c54ded1501f4661edfca53ff,340498.90625,341677.3125,342176.2380690651,0.34608224237138163,146.65685424948933,146.6568542494924,0.0,0.0,2.0528788944969563e-08,2.053140654404533e-08,70.11498211315417,70.39741937754106,100.0,100.0
2012,45,49,C:\cheetah\diagnostics\vcf_v2_balanced_overnight_v1\2012\source_45\attempt_f266f8c6a7.gdb\route_49_813669df52,574c41c6c8d95b71e87c647938f72777e6908705c9b784c2278b87b8ea494217,254831.71875,254721.890625,255203.04256922813,-0.043098294646648494,111.79898987322453,111.79898987322336,0.0,0.0,2.053227908740045e-08,1.9999999928213656,87.10702701453887,87.47752551780607,100.0,100.0
2012,45,50,C:\cheetah\diagnostics\vcf_v2_balanced_overnight_v1\2012\source_45\attempt_f266f8c6a7.gdb\route_50_ca52408386,1d3676a9380af4f4ba3ab9c23b0eba198b71ba6eb86a24e7f831eb183d5bca58,512173.25,512175.0625,513063.0971740933,0.0003538841593098141,275.3208511739157,275.3208511739212,0.0,0.0,2.0529661472829227e-08,2.053227908740045e-08,71.11482421959319,71.11482426074134,94.40136353330496,95.63853259356078
2012,45,53,C:\cheetah\diagnostics\vcf_v2_balanced_overnight_v1\2012\source_45\attempt_f266f8c6a7.gdb\route_53_e0fb11a5a5,1f1f60c9835e07fd7c8b23bf36f989b2aac3e32cbf4df4796991c0b32c8471f8,690801.8125,692779.5,694234.3147652905,0.28628869586238004,268.84062043356676,268.840620433566,0.0,0.0,2.053227908740045e-08,2.053227908740045e-08,100.0,99.99999999803173,100.0,100.0
2012,49,53,C:\cheetah\diagnostics\vcf_v2_balanced_overnight_v1\2012\source_49\attempt_550c047aff.gdb\route_53_20b18a84b5,7dc2696da82b1bf31dd15b27136ca2fb64334e4254eaee928f98fe6b778735ad,359500.125,360427.5625,361272.9635778838,0.2579797434006492,125.14213562373995,125.14213562373095,0.0,0.0,2.052837437403065e-08,2.053227908740045e-08,100.00000000000001,99.99999999571583,99.99999999999999,100.0
2012,50,53,C:\cheetah\diagnostics\vcf_v2_balanced_overnight_v1\2012\source_50\attempt_2fc1c0576d.gdb\route_53_eb9bf6ff94,78e4ca187f6285c1343d65eac9a88f547e4bdea9b181b2d0ada1d5b4b07d3b5b,640987.0625,641658.5,642924.6548888456,0.10475055415022361,259.90663761154985,260.492424049175,0.0,0.0,2.0529661472829227e-08,2.0530976922847057e-08,92.13593973087447,92.11821541951997,100.0,100.0
2016,1,9,C:\cheetah\diagnostics\vcf_v2_balanced_overnight_v1\2016\source_1\attempt_beae872c61.gdb\route_9_2fd0826687,6f879eba4ac81d9acf95e1eee2d806b7a2e25db8ded7d6ec597d311b1fcca0cb,134277.71875,134989.203125,136138.9331818285,0.5298603384263911,99.6984848098409,99.28427124746192,0.0,0.0,1.0000000071786346,2.0527930048796563e-08,40.53274519869938,41.19527787972389,84.82028660293365,84.62600246573562
2016,1,13,C:\cheetah\diagnostics\vcf_v2_balanced_overnight_v1\2016\source_1\attempt_beae872c61.gdb\route_13_f40957d6ac,1600b05d52e710fc4d9dcff5d117d1e90b43543f247fd943ed877cbfd6f1469b,303108.875,305251.28125,308449.38775192207,0.7068107952959091,209.52186130069634,209.52186130069785,0.0,0.0,1.0000000071786346,1.0000000071786346,64.43000673215231,64.62770148205395,92.80692347320206,92.6844661930688
2016,1,17,C:\cheetah\diagnostics\vcf_v2_balanced_overnight_v1\2016\source_1\attempt_beae872c61.gdb\route_17_7ea032bb0f,50230f9176ef10e2962b2a27e218aa60b778311f306f682166497d0645ec3b00,373830.21875,374395.78125,376992.4472161254,0.15128859884336876,243.3969696196679,242.9827560572969,0.0,0.0,1.0000000071786346,2.053010432414906e-08,73.06152702060326,73.27755123631042,93.79747432769395,93.70261568156954
2016,9,13,C:\cheetah\diagnostics\vcf_v2_balanced_overnight_v1\2016\source_9\attempt_23e0266b3d.gdb\route_13_c138910ea9,d2638796cbde96d8632f74f917ef55815b87d8ff30b85653e5bab4f1e17adbe7,46481.77734375,47002.40625,47311.50943810722,1.1200709955640376,26.38477631084542,26.38477631085024,0.0,0.0,1.0000000071786346,1.0000000071786346,100.0,100.0000000010699,100.0,99.99999999999999
2016,9,17,C:\cheetah\diagnostics\vcf_v2_balanced_overnight_v1\2016\source_9\attempt_23e0266b3d.gdb\route_17_48e5cef8e4,2e7e223371bef41e9f7ecdf17b4f6bc9cea36d1f8253d4d63db70609a46f812a,94059.4453125,94511.8125,95620.49836930165,0.48093754539701994,56.65685424950121,56.242640687119284,0.0,0.0,2.052837437403065e-08,1.0000000071786346,100.0,99.99999999855996,100.0,100.0
2016,13,17,C:\cheetah\diagnostics\vcf_v2_balanced_overnight_v1\2016\source_13\attempt_e51e1a51f1.gdb\route_17_e0fea31047,fe267ced108024476e21c0342c3e3c7af6955abf05973988b27d2c2a0cc766fd,154541.0,155449.296875,156683.54179394775,0.5877384480493797,101.32590180780845,98.84062043356593,0.0,0.0,2.052835914223407e-08,3.999999980765395,45.548899945479214,44.551427450285566,51.793555732981766,50.01520082393354
2016,17,24,C:\cheetah\diagnostics\vcf_v2_balanced_overnight_v1\2016\source_17\attempt_5bdd66cbc5.gdb\route_24_0ac5d7984b,1edd9e65874c5bb565e9ff7b22136538cba0fc069925b1d4c3527e4b6befd5f5,56723.33203125,57313.4453125,59391.81191691586,1.0403360665147465,32.07106781186833,33.071067811865476,0.0,0.0,1.000000007171184,9.055385147396356,21.166537590565763,21.82652617205508,37.018296153113184,38.59858407402607
2016,18,24,C:\cheetah\diagnostics\vcf_v2_balanced_overnight_v1\2016\source_18\attempt_ca15f71552.gdb\route_24_db055b15ed,4ef46f7a5a1b876fa38ffeb0b01423c993346fc0bca792f253ad768a01f88b44,24805.3671875,24931.66796875,24955.394194434262,0.5091671503804518,9.41421356237589,9.414213562373096,0.0,0.0,2.0529661472829227e-08,2.053227908740045e-08,100.0,100.00000002697355,100.0,100.0
2016,18,28,C:\cheetah\diagnostics\vcf_v2_balanced_overnight_v1\2016\source_18\attempt_ca15f71552.gdb\route_28_f7e12b8bc0,224fc11e2bf6db85c3c27c73690face0fe8d4fd9bc8896d42a3e4e09ac70fc0b,266926.75,268712.28125,269989.6633099119,0.6689218109462658,153.48528137423662,152.6568542494924,0.0,0.0,2.053140654404533e-08,2.053140654404533e-08,100.0,100.0000000084821,100.0,100.0
2016,18,33,C:\cheetah\diagnostics\vcf_v2_balanced_overnight_v1\2016\source_18\attempt_ca15f71552.gdb\route_33_e6d401fd97,460d2bbb1660aa99e103298059f27382ce2bccd38b87b08d3d9e4ffb1ec5243d,193603.90625,193943.4375,194598.44476374012,0.1753741732677394,117.98275605729712,117.98275605729691,0.0,0.0,2.053140654404533e-08,2.0529661472829227e-08,93.36477011664714,93.36477014804592,100.0,100.0
2016,24,28,C:\cheetah\diagnostics\vcf_v2_balanced_overnight_v1\2016\source_24\attempt_a3ab1eb2ec.gdb\route_28_36040f6f2a,0c1ca827f5eac79d6c701abf44d2e23d7a3001511fe58d512cce513508a26365,33950.2734375,33943.1796875,34163.006246091485,-0.020894529798287653,21.00000000000093,21.0,0.0,0.0,16.000000007178635,16.000000007178635,0.0,0.0,0.0,0.0
2016,24,33,C:\cheetah\diagnostics\vcf_v2_balanced_overnight_v1\2016\source_24\attempt_a3ab1eb2ec.gdb\route_33_b11952ecaa,6aaf81592cf9d43d42ff72b97993da0d80979b014afca6d897ecfe57c953977d,62942.08984375,63007.3984375,63358.95099986945,0.10375981145862578,39.698484809835655,39.69848480983499,0.0,0.0,2.0530534005854702e-08,2.0529661472829227e-08,82.79927528764182,82.79927536794816,100.0,100.0
2016,24,38,C:\cheetah\diagnostics\vcf_v2_balanced_overnight_v1\2016\source_24\attempt_a3ab1eb2ec.gdb\route_38_7595f66809,cdea5dd18e1ebcad2d10695e723650db478a7395d54b77e3f5091061aa3a3f50,168877.484375,169386.8125,169711.6220258109,0.3015962292930663,104.72792206135956,104.72792206135787,0.0,0.0,2.0529661472829227e-08,2.0529231730611176e-08,78.20215786256935,78.20215787830261,99.99999999999999,100.0
2016,26,27,C:\cheetah\diagnostics\vcf_v2_balanced_overnight_v1\2016\source_26\attempt_3a94bebb6c.gdb\route_27_6917368f20,b51e1f0c5f6197ffd85ce38ac36b9b7a37aa8b74da96436d67eb393afba6eff2,204681.828125,205101.078125,206280.39290011278,0.20483010330745177,108.56854249492929,108.5685424949238,0.0,0.0,2.0527930048796563e-08,2.053227908740045e-08,92.56592413751633,92.94744678088101,100.0,100.00000000000001
2016,26,31,C:\cheetah\diagnostics\vcf_v2_balanced_overnight_v1\2016\source_26\attempt_3a94bebb6c.gdb\route_31_8d74135cb5,a0c16d4eb3cad26f275cf99aeeb3f85dd0cb4017f3fd94dda2c2286a90a438a0,47066.75390625,47043.1796875,47279.74804098516,-0.05008677419512386,24.313708498989804,24.31370849898476,0.0,0.0,2.053140654404533e-08,2.052835914223407e-08,100.0,100.0,100.0,100.0
2016,26,32,C:\cheetah\diagnostics\vcf_v2_balanced_overnight_v1\2016\source_26\attempt_3a94bebb6c.gdb\route_32_b5e3b1ebcd,087797f156a6e2b8b56a0c0c15cc00dca8b2d38abd79a39356949d8d80855bfd,258412.015625,258522.5625,258895.5232607111,0.04277930913259009,117.98275605729711,117.9827560572969,0.0,0.0,2.0530534005854702e-08,2.0528788944969563e-08,100.00000000000001,99.99999999861379,100.0,99.99999999999999
2016,27,30,C:\cheetah\diagnostics\vcf_v2_balanced_overnight_v1\2016\source_27\attempt_78d0530c71.gdb\route_30_222d0b8dfb,4795f128af0880168e762e41b4f6003bf06e71afbb8972b1a6b23617fc703c49,353625.34375,355401.53125,357564.26940412115,0.5022794693289034,207.1837661840786,208.840620433566,0.0,0.0,2.052705740508603e-08,2.053315163591941e-08,78.97942706477617,79.81095341621959,95.68979416872433,94.29085236465203
2016,27,31,C:\cheetah\diagnostics\vcf_v2_balanced_overnight_v1\2016\source_27\attempt_78d0530c71.gdb\route_31_ff89c8d145,eb8db7ffa185307cbc5c36c091828398308947c4856c92ec0eab10daf379c34b,644522.0,644954.6875,646532.0292736389,0.06713308467360957,317.9238815542363,317.9238815542512,0.0,0.0,2.053227908740045e-08,2.052835914223407e-08,97.66792810565978,97.66792899960937,100.0,100.0
2016,27,32,C:\cheetah\diagnostics\vcf_v2_balanced_overnight_v1\2016\source_27\attempt_78d0530c71.gdb\route_32_25341ee74a,7cc862805192333771d37af3a7df179b31923578975cb44ff6eb7f71877be6e8,915499.9375,916280.0625,917995.4256562687,0.08521300417894118,443.30865786508275,443.30865786510134,0.0,0.0,2.053227908740045e-08,2.0528788944969563e-08,98.3275279299015,98.32752856934272,99.99999999999999,99.99999999999999
2016,27,41,C:\cheetah\diagnostics\vcf_v2_balanced_overnight_v1\2016\source_27\attempt_78d0530c71.gdb\route_41_e3bccafcf7,c8e0d61a938a357fb518302be193ee4c4d5517c3054137b2190c8d4100df95bc,283881.625,285080.9375,285804.4792419539,0.42246922462840786,159.02438661764157,158.1959594928933,0.0,0.0,2.053227908740045e-08,2.052835914223407e-08,97.84178209374609,97.59255345875482,100.0,100.0
2016,28,33,C:\cheetah\diagnostics\vcf_v2_balanced_overnight_v1\2016\source_28\attempt_7de5f2cfb4.gdb\route_33_ea58505068,3665851adb470adf03448f160bd0159c8b60978280991029674fbe2f9778dbb4,37535.6171875,37612.31640625,37892.83696906227,0.20433717225660786,22.65685424950203,21.82842712474619,0.0,0.0,2.0000000192373992,2.053227908740045e-08,45.02581458837232,45.20769108959571,100.0,100.0
2016,28,38,C:\cheetah\diagnostics\vcf_v2_balanced_overnight_v1\2016\source_28\attempt_7de5f2cfb4.gdb\route_38_4116c2bac4,439dbae228725bd10219439ec4a2d7db84a1e3026d4b9329bcb17828ef6f0bb8,68052.3671875,68264.109375,68294.20932299762,0.31114595458023864,35.556349186098664,35.55634918610404,0.0,0.0,2.052705740508603e-08,2.0530534005854702e-08,100.0,100.00000000714176,100.0,100.0
2016,30,36,C:\cheetah\diagnostics\vcf_v2_balanced_overnight_v1\2016\source_30\attempt_d7535d45fc.gdb\route_36_96535b178c,fbd2e1a82bbf410b27a4acf5f829ed3ec9f1359e34df02527bfa018d834151e0,56857.703125,56794.81640625,57334.111750122844,-0.11060369183705232,30.99999999999907,31.0,0.0,0.0,1.000000007171184,1.000000007171184,100.0,100.0,100.0,100.0
2016,30,40,C:\cheetah\diagnostics\vcf_v2_balanced_overnight_v1\2016\source_30\attempt_d7535d45fc.gdb\route_40_94980611cd,349079430c0a8f97b35815c70c86798a016f90c9a96ce9db8521434f88989ca7,227381.0,227507.65625,228509.7705234723,0.05570221346551385,136.68124086712865,136.2670273047588,0.0,0.0,2.053227908740045e-08,1.0000000071749093,98.22832154621398,98.53674141215883,100.0,100.0
2016,30,41,C:\cheetah\diagnostics\vcf_v2_balanced_overnight_v1\2016\source_30\attempt_d7535d45fc.gdb\route_41_de430324ce,8cd1c93ce25aabeba6f89a8ab75aa2d2a1944e3c2ae93a0d392f32b58b35a58f,309789.125,310079.53125,311203.5695908356,0.09374320354209598,169.9066376115501,169.90663761154806,0.0,0.0,2.0530534005854702e-08,2.0529661472829227e-08,73.20474789157997,73.20474789046214,97.20001561350273,95.77772918711042
2016,31,32,C:\cheetah\diagnostics\vcf_v2_balanced_overnight_v1\2016\source_31\attempt_9718dc803f.gdb\route_32_d2dfb64b29,76ac7539c2dd7440582b81be060fdf135b39c5b609a2072712d2a9d948201017,123799.609375,124038.7578125,124190.93868836087,0.19317382236287983,64.72792206135018,64.72792206135784,0.0,3207.106784160038,2.0529231730611176e-08,2.0528788944969563e-08,100.0,100.0,100.0,100.0
2016,33,38,C:\cheetah\diagnostics\vcf_v2_balanced_overnight_v1\2016\source_33\attempt_2371ff645b.gdb\route_38_9f21b695c8,a462a0e8c06c86b85de7c1704b1ace3ccab7631e9122346ab1217078a37ab0ca,67194.828125,67549.046875,67677.34300717611,0.5271518060006919,39.69848480982989,39.698484809834994,0.0,0.0,2.0526184766532554e-08,2.0529661472829227e-08,94.96202444009339,94.96202443794735,100.0,100.0
2016,36,40,C:\cheetah\diagnostics\vcf_v2_balanced_overnight_v1\2016\source_36\attempt_af5a8fd080.gdb\route_40_6d3fe457c9,5cfa6d8457bb445ad7a5695e440dcc003f30f6dc23bc0c74180f05512d115460,118513.6015625,118737.2578125,119565.1144257884,0.18871779023781343,63.84062043356528,63.840620433565945,0.0,0.0,2.052835914223407e-08,2.0529231730611176e-08,68.44934236335908,69.09816674694352,100.0,100.0
2016,36,41,C:\cheetah\diagnostics\vcf_v2_balanced_overnight_v1\2016\source_36\attempt_af5a8fd080.gdb\route_41_577b78e0f2,a4d6188fd07d35f3e13de2b7bb0266fdf4423a861da99c7a7e99eac15d4a7498,268134.40625,268955.875,270544.07059329556,0.3063645436214957,147.95331880577842,147.95331880577407,0.0,0.0,2.0529661472829227e-08,2.0529661472829227e-08,93.35707561922075,93.07711325358022,100.0,100.0
2016,36,43,C:\cheetah\diagnostics\vcf_v2_balanced_overnight_v1\2016\source_36\attempt_af5a8fd080.gdb\route_43_a14c1bf56c,4a9c180aa92f2b32a06d9432a7ba22fd0d6e79a81def3d9475d6e0ab6dfa7267,263504.46875,264717.21875,266184.9030436067,0.4602388740323704,113.39696961966987,109.66904755831213,0.0,0.0,9.00000000717491,2.0528788944969563e-08,58.055621903788236,56.14704497898396,84.49881677785072,83.54730790901789
2016,38,40,C:\cheetah\diagnostics\vcf_v2_balanced_overnight_v1\2016\source_38\attempt_577667d325.gdb\route_40_b56807c45a,0dfb896418c9c24df45be1a026869f89257d7a95b926991a72badb05f283ed81,41868.34375,41731.75,42204.251855075854,-0.32624588833897183,25.556349186110793,25.556349186104047,0.0,0.0,2.053140654404533e-08,2.0527930048796563e-08,82.72752695386555,82.72752694745857,100.0,100.0
2016,38,42,C:\cheetah\diagnostics\vcf_v2_balanced_overnight_v1\2016\source_38\attempt_577667d325.gdb\route_42_6906a53d34,6af5a029cc48b2e3fedd5a79bf0c003143117323e63b6e50e89c4a424f614b64,56593.78515625,56544.9453125,56544.94514878042,-0.08629895246475838,29.698484809835655,29.698484809834998,0.0,0.0,2.0530534005854702e-08,2.0529661472829227e-08,100.0,100.0,100.0,100.0
2016,40,42,C:\cheetah\diagnostics\vcf_v2_balanced_overnight_v1\2016\source_40\attempt_ea85c75b6b.gdb\route_42_6793ddf77c,c34067f86a6e7eb468ddf46b666c3d9571d792cc0d6dd201c20063db308eae79,49848.08984375,49704.76953125,49704.77009221746,-0.2875141513932422,21.41421356237139,21.414213562373092,0.0,0.0,2.053010432414906e-08,2.0530534005854702e-08,100.0,100.0,100.0,100.0
2016,40,43,C:\cheetah\diagnostics\vcf_v2_balanced_overnight_v1\2016\source_40\attempt_ea85c75b6b.gdb\route_43_cd701281b5,466c71a838df9ba48f38f162b85b74d488ad43fdae861a972bd73b9a8dc697f2,297846.21875,297541.84375,297849.0364206805,-0.1021919973593799,132.5391052434016,132.95331880577407,0.0,0.0,2.053010432414906e-08,0.9999999807644635,100.0,99.99999999280124,100.0,100.0
2016,40,45,C:\cheetah\diagnostics\vcf_v2_balanced_overnight_v1\2016\source_40\attempt_ea85c75b6b.gdb\route_45_548aa8b394,8849eb1c9f008721295969dd33504d73f7eda8d19cd602768235dbeb850cad8e,286591.5625,285491.9375,286886.3297973771,-0.38369063988057395,137.48023074035683,136.30865786510142,0.0,0.0,2.053010432414906e-08,2.053227908740045e-08,98.53274172477525,98.54524541636391,100.0,100.0
2016,41,43,C:\cheetah\diagnostics\vcf_v2_balanced_overnight_v1\2016\source_41\attempt_5d638d9886.gdb\route_43_fb70a48f68,c2dd393cddd933e4074228582834f8e428f0fcb794566e64349c6031dfcefe27,269723.9375,270852.90625,271096.32930238073,0.41856453693509543,93.29646455628384,93.29646455628166,0.0,0.0,2.0530534005854702e-08,2.0530534005854702e-08,100.00000000000001,100.00000000841614,100.0,100.0
2016,41,45,C:\cheetah\diagnostics\vcf_v2_balanced_overnight_v1\2016\source_41\attempt_5d638d9886.gdb\route_45_9303ebb4b1,68ca605e849cc5305b6aa420df2a6af3f860c50413dd11ba8190dc4620746f30,411539.5,411868.59375,414136.4676536733,0.07996650382284809,148.10764773832452,146.93607486307098,0.0,0.0,2.0530534005854702e-08,2.053227908740045e-08,79.78815968950381,79.1570130684905,100.0,100.0
2016,42,50,C:\cheetah\diagnostics\vcf_v2_balanced_overnight_v1\2016\source_42\attempt_6b84d8d752.gdb\route_50_5467b0160f,aabbedbd574944d27696045357c27496a5fbdde2e3c4cac544da877b924756d9,98952.328125,99371.1875,99515.86898822621,0.4232941083214259,51.828427124746625,51.828427124746185,0.0,0.0,2.053140654404533e-08,2.053227908740045e-08,100.0,100.00000000000001,100.0,100.00000000000001
2016,43,45,C:\cheetah\diagnostics\vcf_v2_balanced_overnight_v1\2016\source_43\attempt_57310dd5ef.gdb\route_45_5ba65a5c80,d117aad0ef0ffeeee9379cd6a9fe65eabadccb0ec9020eb49e0642e5233c2696,76188.078125,76336.0,76335.99947582697,0.19415357184533466,25.55634918610459,25.556349186104047,0.0,0.0,2.0527486559018397e-08,2.053227908740045e-08,100.0,100.0,100.0,100.0
2016,43,49,C:\cheetah\diagnostics\vcf_v2_balanced_overnight_v1\2016\source_43\attempt_57310dd5ef.gdb\route_49_46698dfc85,7ba10c1f0edb6049dccfd82e9230e225f01eb6872a0c748e491fa501f2056d94,337373.5,337337.78125,338205.33777539886,-0.010587301610820443,149.97056274847273,152.04163056034264,0.0,0.0,0.9999999928213659,2.053140654404533e-08,81.15196861288659,82.27266343813312,100.0,100.0
2016,45,49,C:\cheetah\diagnostics\vcf_v2_balanced_overnight_v1\2016\source_45\attempt_92787c6df7.gdb\route_49_c95dfd8798,7135e26ff5b4950820209dd7df48a67d2cb49d98c1b8ae0064d6260b664de300,256926.375,257225.28125,257377.63775704495,0.11633926256111593,111.79898987322397,111.79898987322332,0.0,0.0,2.053227908740045e-08,2.053140654404533e-08,100.00000000000001,100.00000000202328,100.0,100.00000000000001
2016,45,50,C:\cheetah\diagnostics\vcf_v2_balanced_overnight_v1\2016\source_45\attempt_92787c6df7.gdb\route_50_0f62219494,08ba83360f4215e8eb23436449d25bfa2d3adb75ac24468b6663010a7525bd25,512509.125,514363.53125,515589.1912964605,0.36182892353380236,275.90663761154934,276.4924240491751,0.0,0.0,2.0529661472829227e-08,2.053227908740045e-08,74.19266038967275,73.98773985464032,100.0,100.0
2016,45,53,C:\cheetah\diagnostics\vcf_v2_balanced_overnight_v1\2016\source_45\attempt_92787c6df7.gdb\route_53_09f14a46b0,c4d2411807d89949e96e0984f8ea8744fa8067683179a61e33cd5f7fc7039dad,688632.8125,688914.6875,690706.7387285201,0.04093255431392162,267.59797974644715,267.18376618407365,0.0,0.0,1.0000000071786346,2.053227908740045e-08,97.97359935459437,97.97673601541881,100.0,100.0
2016,49,53,C:\cheetah\diagnostics\vcf_v2_balanced_overnight_v1\2016\source_49\attempt_6f86fdb64a.gdb\route_53_1e72613b0e,b987bfda97e3207fdccd74c4f7f444039b4567fffee2a5435a622d816d26dd98,359771.9375,360676.84375,360728.90585807234,0.25152218827517725,125.55634918611068,125.55634918610404,0.0,0.0,2.0529675351686165e-08,2.053227908740045e-08,100.0,100.0,100.0,100.0
2016,50,53,C:\cheetah\diagnostics\vcf_v2_balanced_overnight_v1\2016\source_50\attempt_f5bd68da29.gdb\route_53_000a1bd3ac,c52482424658b0ce22733c280a04d9d624a4844b4329fbf6854acc0544aa9fa6,666005.375,667081.1875,668640.1089935568,0.16153210475216007,260.4924240491833,259.9066376115481,0.0,0.0,2.0529661472829227e-08,2.0530976922847057e-08,66.69244646738026,66.76734734004873,72.13368325309752,72.19634805630653
2020,1,9,C:\cheetah\diagnostics\vcf_v2_balanced_overnight_v1\2020\source_1\attempt_54571a1b82.gdb\route_9_e013beb372,f95477200cf12e09a481bb0afc8761e7865ae117f277cb156b168f258bd910da,127228.984375,127419.890625,128098.95238437022,0.15004933894411376,99.87005768509964,99.87005768508881,0.0,0.0,2.053140654404533e-08,2.0527930048796563e-08,96.5813441570858,96.9960967082239,99.99999999999999,99.99999999999999
2020,1,13,C:\cheetah\diagnostics\vcf_v2_balanced_overnight_v1\2020\source_1\attempt_54571a1b82.gdb\route_13_db38bf6528,1f40b0e50d822a1812e6dfa6d025ff2b5287b8c128b0995d78d83737fea4fe1a,283807.1875,284495.09375,285538.6707849139,0.24238506996938636,236.37972567695635,237.20815280171308,0.0,0.0,2.053140654404533e-08,2.053227908740045e-08,85.47442674171572,85.59875202120253,100.0,100.0
2020,1,17,C:\cheetah\diagnostics\vcf_v2_balanced_overnight_v1\2020\source_1\attempt_54571a1b82.gdb\route_17_43b4db577d,837a3edcc2440bacf5ab5eb494f1631cd82cc51725aa26c283ebdc809d7ae108,360643.15625,361447.21875,362643.54785207,0.22295237995384465,242.7401153701846,241.91168824543144,0.0,0.0,2.053140654404533e-08,2.053010432414906e-08,97.34853094164448,97.35757990833733,100.0,100.0
2020,9,13,C:\cheetah\diagnostics\vcf_v2_balanced_overnight_v1\2020\source_9\attempt_51f0596b62.gdb\route_13_986d72d027,ece7be623d7745d7829c46271c47de5ab758f1a45512fb94be5ead2fa6ad71c6,43928.1328125,44664.37890625,44853.1812328677,1.6760241025780553,26.798989873219607,27.213203435596423,0.0,0.0,2.0528788944969563e-08,1.0000000071786346,100.0,100.00000003588855,100.0,100.0
2020,9,17,C:\cheetah\diagnostics\vcf_v2_balanced_overnight_v1\2020\source_9\attempt_51f0596b62.gdb\route_17_74e764d9ae,b665c0ff85a7f9a8555f337d5c67a318d3c417ad570fb967e082a3d5e83a00cf,92298.7890625,92917.5859375,93299.89520789673,0.6704279452474537,58.07106781186323,57.65685424949238,0.0,0.0,0.9999999928213659,2.053010432414906e-08,100.0,99.99999998781075,100.0,100.0
2020,13,17,C:\cheetah\diagnostics\vcf_v2_balanced_overnight_v1\2020\source_13\attempt_2ae025ceb4.gdb\route_17_e8aac4d54a,45236bee8ae9e85afd4b3a8a97a81bc9cc7b8bc864ff39114f36e3279cc436d1,149698.390625,149930.640625,150821.54141217517,0.15514528848996623,98.01219330881582,98.01219330881975,0.0,0.0,2.0529231730611176e-08,2.053010432414906e-08,64.56775344606204,64.56775345407426,88.10524032172316,88.17923974074279
2020,17,24,C:\cheetah\diagnostics\vcf_v2_balanced_overnight_v1\2020\source_17\attempt_314ad75f12.gdb\route_24_6ac727b024,70f5b887b6bd4474449db590043755a989a1b1a4ad85b18ceec4a67389bbca4a,53852.23828125,54009.89453125,54372.988337445924,0.29275709799956307,32.24264068711808,32.071067811865476,0.0,0.0,3.9999999928213654,10.049875612063968,0.0,0.0,34.29373435433555,29.19802277945865
2020,18,24,C:\cheetah\diagnostics\vcf_v2_balanced_overnight_v1\2020\source_18\attempt_23b6707d82.gdb\route_24_f5d00c5b86,098b110436126c3cba99c2bd5173cb7980180ab25ce0deb0ca5e60e29cb32016,23813.447265625,23971.57421875,23971.574921875774,0.664023781862344,9.41421356237589,9.414213562373096,0.0,0.0,2.0529661472829227e-08,2.053227908740045e-08,100.0,100.0,100.0,100.0
2020,18,28,C:\cheetah\diagnostics\vcf_v2_balanced_overnight_v1\2020\source_18\attempt_23b6707d82.gdb\route_28_620e570890,a8073e7022bd38db674fdd6fb1e015fa590544a0465fcd4ee33e33877d217955,257074.671875,257119.953125,257213.0283870649,0.017614045627190045,158.04163056034855,158.0416305603426,0.0,0.0,2.0529661472829227e-08,2.053140654404533e-08,100.0,100.0,100.0,100.0
2020,18,33,C:\cheetah\diagnostics\vcf_v2_balanced_overnight_v1\2020\source_18\attempt_23b6707d82.gdb\route_33_1b95727bdf,15c0054c9abf30b2a9a071d61b6e3cae5b9399f91065f3919592b525a8e26f37,193014.03125,193675.3125,194321.08278614416,0.34260786416273614,117.98275605729603,117.98275605729691,0.0,0.0,2.053140654404533e-08,2.0529661472829227e-08,100.0,99.99999999861505,100.0,100.0
2020,24,28,C:\cheetah\diagnostics\vcf_v2_balanced_overnight_v1\2020\source_24\attempt_28b47bf06c.gdb\route_28_9ab5234fd5,32c41240f1f565b23eea9a269fcef9c7301cfbbb15d948dde8b2c73ccb2540bc,31310.826171875,31360.03515625,31360.03595590729,0.15716284235003375,21.00000000000093,21.0,0.0,0.0,2.052835914223407e-08,2.0527486559018397e-08,100.0,100.0,100.0,100.0
2020,24,33,C:\cheetah\diagnostics\vcf_v2_balanced_overnight_v1\2020\source_24\attempt_28b47bf06c.gdb\route_33_0fa1788434,c8a95af3ce6501d78563ac1c8d3aa20e9998f5c5adf2fdbff0ed971c25dd1e19,62727.453125,62747.359375,62869.89502565819,0.03173451018381179,39.69848480984111,39.698484809834994,0.0,0.0,2.0530534005854702e-08,2.0529661472829227e-08,100.0,100.00000001712945,100.0,100.0
2020,24,38,C:\cheetah\diagnostics\vcf_v2_balanced_overnight_v1\2020\source_24\attempt_28b47bf06c.gdb\route_38_b209ccf8df,68627ab9ba635f3ef9df30d136913efddb689da7cd26eeb145058c36c296509b,161990.515625,162446.828125,162562.04245567226,0.2816908744560864,104.72792206136147,104.72792206135784,0.0,0.0,2.0529661472829227e-08,2.0529231730611176e-08,56.73197022620536,57.1274842231715,100.0,99.99999999999999
2020,26,27,C:\cheetah\diagnostics\vcf_v2_balanced_overnight_v1\2020\source_26\attempt_6f42ba1f04.gdb\route_27_b2e8598557,353bdbe54fd618766b0a641a375b926ca2c35b5385e664be4c5758a7c71082b9,205056.625,205480.359375,206053.74762898442,0.20664261639924408,108.56854249493257,108.5685424949238,0.0,0.0,2.0527930048796563e-08,2.053227908740045e-08,100.00000000000001,99.99999999946237,100.0,100.0
2020,26,31,C:\cheetah\diagnostics\vcf_v2_balanced_overnight_v1\2020\source_26\attempt_6f42ba1f04.gdb\route_31_607bf81a66,8c43199285b4a08ccb4fe64c152654b0de297d838b9963fd5f049fd63fd0136c,44784.984375,44812.7734375,44814.66864720693,0.06204995466183583,24.31370849898871,24.31370849898476,0.0,0.0,2.053140654404533e-08,2.052835914223407e-08,100.0,100.0,100.0,100.0
2020,26,32,C:\cheetah\diagnostics\vcf_v2_balanced_overnight_v1\2020\source_26\attempt_6f42ba1f04.gdb\route_32_b5d0b34260,3a341487163550a5d29f81a4dd19c3ca9009714f707f4820662aa51839ef7587,239837.046875,240973.453125,241166.29618414125,0.47382431730502717,117.98275605729822,117.98275605729691,0.0,0.0,2.0530534005854702e-08,2.0528788944969563e-08,95.55643480257974,95.90751460011117,100.0,100.0
2020,27,30,C:\cheetah\diagnostics\vcf_v2_balanced_overnight_v1\2020\source_27\attempt_a38f26c131.gdb\route_30_5386214232,70c18816ad5b6fd09dcfd7bc9b28840b84cad7acbdeac507ea582e1da5a95f4f,330923.28125,331014.59375,332083.77086073364,0.02759325353449693,203.45584412272535,203.8700576850888,0.0,0.0,2.052705740508603e-08,0.9999999807663262,96.93793156385817,97.13528645842317,100.0,100.0
2020,27,31,C:\cheetah\diagnostics\vcf_v2_balanced_overnight_v1\2020\source_27\attempt_a38f26c131.gdb\route_31_804e776f53,07676c909b0f3d8ec4df3f813be324fd641a27a0d1aa2a7dce32862b59bac5bf,627627.5,628644.125,629593.655352158,0.16197904011534536,318.7523086789904,318.75230867899734,0.0,0.0,2.053227908740045e-08,2.052835914223407e-08,100.0,100.0,100.0,100.0
2020,27,32,C:\cheetah\diagnostics\vcf_v2_balanced_overnight_v1\2020\source_27\attempt_a38f26c131.gdb\route_32_b421c7c18c,ea68775267561ace4fabccfbd5e73678ba73e8695b26fbd0eb003d4fb0a3ebe2,884418.0,885520.9375,886487.7777160022,0.12470771739154785,449.10764773831977,449.10764773832483,0.0,3000.0,2.053227908740045e-08,2.0528788944969563e-08,99.99999999999999,99.99999999835623,100.0,100.0
2020,27,41,C:\cheetah\diagnostics\vcf_v2_balanced_overnight_v1\2020\source_27\attempt_a38f26c131.gdb\route_41_3cd96a9c92,38b9176aa6e7e69737330b870546ab5eed914301c277193b95128c1a8dc46fce,289308.5,290387.21875,291634.589988615,0.3728610635359786,158.19595949289376,158.1959594928933,0.0,0.0,2.053227908740045e-08,2.052835914223407e-08,93.26351049291884,93.2635104476627,100.0,100.0
2020,28,33,C:\cheetah\diagnostics\vcf_v2_balanced_overnight_v1\2020\source_28\attempt_a701c63d9b.gdb\route_33_67cbdd0d59,39caefba748d102673ce6d60da2dec3421afa4894d7c2b1ba8eae6016a7237ed,35992.265625,36168.67578125,36302.873248773656,0.4901335139276819,21.41421356238427,21.82842712474619,0.0,0.0,2.0525756261498016e-08,1.0000000192336738,100.0,99.99999998322993,100.0,100.0
2020,28,38,C:\cheetah\diagnostics\vcf_v2_balanced_overnight_v1\2020\source_28\attempt_a701c63d9b.gdb\route_38_39991d2714,2950de95fe0eb5906221633a42a727a825d7152a7ddabac74360db6a3829b15c,62567.73828125,62318.17578125,62593.10797317024,-0.3988677021985132,35.55634918609702,35.55634918610404,0.0,0.0,2.052705740508603e-08,2.0530534005854702e-08,55.001004522067845,55.00100451667442,100.0,100.0
2020,30,36,C:\cheetah\diagnostics\vcf_v2_balanced_overnight_v1\2020\source_30\attempt_6eee4040d0.gdb\route_36_bd5e073f4b,983a387012672126115f62d3911a1eee8e6d5cc969dca821305a4111a111ed60,46143.203125,46341.484375,46368.95453929749,0.42970846532448537,30.99999999999907,31.0,0.0,0.0,1.9999999928213656,1.9999999928213656,0.0,0.0,100.0,100.0
2020,30,40,C:\cheetah\diagnostics\vcf_v2_balanced_overnight_v1\2020\source_30\attempt_6eee4040d0.gdb\route_40_4f3114ef84,df987ea2c88c9e407084d97668787fc9487df441fd995034b60370777e8f455f,212580.21875,212701.546875,213709.14611116145,0.0570740427841443,136.26702730475913,136.2670273047588,0.0,0.0,2.053227908740045e-08,2.0529231730611176e-08,90.71172650891474,90.40775445642504,100.0,100.0
2020,30,41,C:\cheetah\diagnostics\vcf_v2_balanced_overnight_v1\2020\source_30\attempt_6eee4040d0.gdb\route_41_b40e9338e8,a8ce463045dcc57a7718983e90b3766e4ce09a9dc70e22fb6cbfd1b3b981a5fc,282551.28125,283172.0,283549.64044119936,0.2196835729266322,169.9066376115501,169.90663761154812,0.0,0.0,2.0530534005854702e-08,2.0529661472829227e-08,24.44101803104525,24.684806971298624,89.35687917357282,89.465099660919
2020,31,32,C:\cheetah\diagnostics\vcf_v2_balanced_overnight_v1\2020\source_31\attempt_f4d2c12d33.gdb\route_32_d24de900c2,f1ea847ff27fae4fdf85e141cedbbd799e33e9a657e1d49846edf85404c0d977,116792.046875,116987.859375,117018.99945385137,0.16765910457035016,64.72792206135018,64.72792206135786,0.0,3207.106784160038,2.0529231730611176e-08,2.0528788944969563e-08,100.0,100.0,100.0,100.0
2020,33,38,C:\cheetah\diagnostics\vcf_v2_balanced_overnight_v1\2020\source_33\attempt_42e91630f4.gdb\route_38_a3a6c64eb4,adfae24cce45188044812bae2ad073eca519a11e551d0b1e89f97d6f8b25e03a,66421.8671875,66636.078125,66663.34203367007,0.322500626029254,41.82842712474805,41.828427124746185,0.0,0.0,2.053140654404533e-08,2.0529661472829227e-08,100.0,100.0,100.0,100.0
2020,36,40,C:\cheetah\diagnostics\vcf_v2_balanced_overnight_v1\2020\source_36\attempt_4bc7ed4ea3.gdb\route_40_0be3efc1d5,8f66b268166499406d5cbd3549c2b525cff5d8e6fba7daa378d314e52070abcc,106041.2734375,106453.296875,106929.84650674417,0.3885500655957719,63.84062043356092,63.84062043356594,0.0,0.0,2.052835914223407e-08,2.0529231730611176e-08,89.95277069491756,89.95277077890866,100.0,100.00000000000001
2020,36,41,C:\cheetah\diagnostics\vcf_v2_balanced_overnight_v1\2020\source_36\attempt_4bc7ed4ea3.gdb\route_41_2fa55f7af9,da095f2a0fbdb88aba24fa5b18c0da9813d2cf902546237552bfed3e05bff4ee,240797.453125,241018.359375,242233.72441874852,0.09173944621636565,148.78174593052242,148.78174593052026,0.0,0.0,2.0529661472829227e-08,2.0529661472829227e-08,75.0835914011074,75.08359135283015,100.0,100.0
2020,36,43,C:\cheetah\diagnostics\vcf_v2_balanced_overnight_v1\2020\source_36\attempt_4bc7ed4ea3.gdb\route_43_7c6a093e93,65f8325ef1bd1d6fb8c95d67794edfccebb3957cd197bd5ac8a1ee3648f9499a,245200.375,245257.21875,245542.54810357865,0.0231825705813149,109.66904755831357,109.66904755831213,0.0,0.0,2.053140654404533e-08,2.0528788944969563e-08,100.0,99.999999995174,100.0,100.0
2020,38,40,C:\cheetah\diagnostics\vcf_v2_balanced_overnight_v1\2020\source_38\attempt_d8a2a7ff3c.gdb\route_40_5b706abcbf,b66f7e272e641b3d2811185bba573f23f117479409af942d122cb6ff0f3d3e14,42405.1796875,42442.95703125,42478.32349790292,0.08908662580466853,25.556349186110793,25.556349186104047,0.0,0.0,2.053140654404533e-08,2.0527930048796563e-08,92.17415583184719,92.174156250078,100.0,100.0
2020,38,42,C:\cheetah\diagnostics\vcf_v2_balanced_overnight_v1\2020\source_38\attempt_d8a2a7ff3c.gdb\route_42_f97fc964c0,6af5a029cc48b2e3fedd5a79bf0c003143117323e63b6e50e89c4a424f614b64,53316.67578125,53213.125,53213.12373614713,-0.19421837489428384,29.698484809835655,29.698484809834998,0.0,0.0,2.0530534005854702e-08,2.0529661472829227e-08,100.0,100.0,100.0,100.0
2020,40,42,C:\cheetah\diagnostics\vcf_v2_balanced_overnight_v1\2020\source_40\attempt_dfb261781c.gdb\route_42_e5e06be72e,3a053de3a116734bc1fce6f7e16c278a4d556cfaf9f1fd0002478b3c9df86733,50722.1328125,50634.59765625,50634.59597873286,-0.1725778302217318,21.82842712474449,21.82842712474619,0.0,0.0,2.053010432414906e-08,2.0530534005854702e-08,100.0,100.00000000000001,100.0,100.00000000000001
2020,40,43,C:\cheetah\diagnostics\vcf_v2_balanced_overnight_v1\2020\source_40\attempt_dfb261781c.gdb\route_43_48604566aa,bde3cabdf9c6cdbb78696bb47f9e5d2f3331ec110e9baff559a99a0675276366,280097.5,279741.40625,281207.01942022814,-0.12713207008273608,134.1959594928896,134.19595949289334,0.0,0.0,2.053010432414906e-08,2.053140654404533e-08,61.550273325253926,61.24161000923803,100.0,100.0
2020,40,45,C:\cheetah\diagnostics\vcf_v2_balanced_overnight_v1\2020\source_40\attempt_dfb261781c.gdb\route_45_e166a75d62,ddf817e7c9ff0984af40742388d3a303a1473ac5b9567cad5d5ed47855dcee45,281541.3125,281397.6875,282107.73234674975,-0.051013827677603985,136.30865786509838,136.30865786510142,0.0,0.0,2.053010432414906e-08,2.053227908740045e-08,96.45772523716128,96.45772531724661,100.0,100.0
2020,41,43,C:\cheetah\diagnostics\vcf_v2_balanced_overnight_v1\2020\source_41\attempt_f9aabafba4.gdb\route_43_0a8e01b33e,b8a33bdac5826ac01f8e7a19b5eadd155a2d116bfc7f06343e254dd486638cda,257233.515625,257906.703125,258564.15994986336,0.2617028727241788,119.36753236814607,119.36753236814714,0.0,0.0,2.0529661472829227e-08,2.0526184766532554e-08,94.27949366630676,94.27949378824195,100.0,100.0
2020,41,45,C:\cheetah\diagnostics\vcf_v2_balanced_overnight_v1\2020\source_41\attempt_f9aabafba4.gdb\route_45_232dabfe18,2c3e2f432c504ea0790c4e0283ef5ed7da40751b3447c8462d8da8bdf0bf0638,414047.21875,414599.46875,415660.96273554245,0.13337850732755285,148.69343417595496,148.10764773832474,0.0,0.0,2.0530534005854702e-08,2.053227908740045e-08,100.0,99.99999998940889,100.0,100.0
2020,42,50,C:\cheetah\diagnostics\vcf_v2_balanced_overnight_v1\2020\source_42\attempt_bbd225b008.gdb\route_50_ea9fb916d6,6c335bc95f77407a0b8d166d59bb3e1a2425dbc97a1927079447b41736dfe1ff,97096.4765625,97219.6875,97706.71166557145,0.12689537443790755,59.69848480983516,59.698484809834994,0.0,0.0,2.053140654404533e-08,2.053227908740045e-08,96.64983111590797,96.64983128070466,100.0,100.00000000000001
2020,43,45,C:\cheetah\diagnostics\vcf_v2_balanced_overnight_v1\2020\source_43\attempt_7957270c2a.gdb\route_45_5ce7fd171f,bbd6d3f4f27f5850d6ecb4b4fba638e9aaed9a2812d4deab16091becd1ac9da6,71703.15625,71197.8203125,71594.06204381898,-0.7047610787704994,31.79898987322288,32.384776310850235,0.0,0.0,2.0528788944969563e-08,2.053227908740045e-08,100.0,99.99999999201438,100.0,100.0
2020,43,49,C:\cheetah\diagnostics\vcf_v2_balanced_overnight_v1\2020\source_43\attempt_7957270c2a.gdb\route_49_fc7c962d5f,96f36080af97f807ee90f2d781ea86974f95ebc104777dde8f4709387067b9c2,314540.84375,314429.5,315865.52784445276,-0.03539882092021829,150.38477631084803,151.21320343559643,0.0,0.0,1.9999999928213656,2.053140654404533e-08,72.33811190134502,72.73660209263335,100.0,100.0
2020,45,49,C:\cheetah\diagnostics\vcf_v2_balanced_overnight_v1\2020\source_45\attempt_4e136c696f.gdb\route_49_1f3dfc09ce,28efe895ce48ef507c3fa4d8b09bd5c640fd06a01a6efa3a149aa8f806ba71e6,236849.875,236855.296875,237040.8350115761,0.0022891610139019747,111.38477631085007,111.38477631085024,0.0,0.0,2.053227908740045e-08,2.053140654404533e-08,95.66509244167815,95.29321612862731,100.0,100.0
2020,45,50,C:\cheetah\diagnostics\vcf_v2_balanced_overnight_v1\2020\source_45\attempt_4e136c696f.gdb\route_50_bfb1d119ec,da7d0f0cfec8fd8fed5898157e97e22dff632d151145823994e646d9eef6d928,507947.1875,508822.875,510212.7002259034,0.17239735184082505,275.7350647362928,275.7350647362943,0.0,0.0,2.0529661472829227e-08,2.053227908740045e-08,92.2959959292147,92.29599696366725,100.0,100.0
2020,45,53,C:\cheetah\diagnostics\vcf_v2_balanced_overnight_v1\2020\source_45\attempt_4e136c696f.gdb\route_53_637ce3ba85,b1b7fcbf29651214a9922afee2b4a17bb520a58bb677093b6ed805aa44aae72e,653113.1875,653614.1875,654364.5715314287,0.07670952134923859,268.0121933088206,268.01219330881986,0.0,0.0,2.053227908740045e-08,2.053227908740045e-08,96.86051091239804,97.01506118139024,100.0,100.0
2020,49,53,C:\cheetah\diagnostics\vcf_v2_balanced_overnight_v1\2020\source_49\attempt_a2701e192f.gdb\route_53_24b126d651,b23328c610a08c6d7cc2729043de63491918f5fc2c95a110863de51c5f5e6673,346942.9375,347001.6875,347107.9906785879,0.01693362038821533,125.14213562374049,125.14213562373094,0.0,0.0,2.052837437403065e-08,2.053227908740045e-08,93.27627459733277,93.60726908305368,100.0,100.0
2020,50,53,C:\cheetah\diagnostics\vcf_v2_balanced_overnight_v1\2020\source_50\attempt_f39c2ddae4.gdb\route_53_ef6df9afcf,7b93fdb491029df7f626144fd30d3a2f1dd6a6faff7962f91c0480b693b5e328,635171.3125,637149.6875,638385.9030668242,0.3114710883609151,261.07821048680177,260.492424049175,0.0,0.0,2.0529661472829227e-08,2.0530976922847057e-08,99.23222336708213,99.23394605474272,100.0,100.0
2024,1,9,C:\cheetah\diagnostics\vcf_v2_balanced_overnight_v1\2024\source_1\attempt_13ecdcca44.gdb\route_9_e9e9cdd632,cc01951526e3e497c865bdd01ba1d4e39f79103d1d797b65f48bcb862b2e27e6,158327.90625,158556.0625,159213.78880609828,0.14410362355183892,99.87005768509802,99.69848480983501,0.0,0.0,0.9999999928213659,2.0527930048796563e-08,30.74956887054733,30.69674233011758,47.52808068183468,47.618225396731816
2024,1,13,C:\cheetah\diagnostics\vcf_v2_balanced_overnight_v1\2024\source_1\attempt_13ecdcca44.gdb\route_13_71c5910f25,1125800085867f910d378b444e68c3d7b366b85b4e9e7e67ba17f1985b21cb03,338084.84375,339314.9375,340148.6398516723,0.3638417316659037,209.27922061358217,209.10764773832474,0.0,0.0,0.9999999928213659,2.0530976922847057e-08,63.9973611562765,63.746970468093565,74.98240304615028,75.00291316099884
2024,1,17,C:\cheetah\diagnostics\vcf_v2_balanced_overnight_v1\2024\source_1\attempt_13ecdcca44.gdb\route_17_543579051d,6561e1cc1489e47a9afb9614ffb456e45983edfa13aaad52aa767aaa69692dea,384297.09375,385865.46875,387993.74731827714,0.4081152383161868,236.7695526217055,237.1837661840736,0.0,1000.0000000000044,2.053140654404533e-08,1.000000007171184,97.54265343766282,97.71329823543486,100.0,100.0
2024,9,13,C:\cheetah\diagnostics\vcf_v2_balanced_overnight_v1\2024\source_9\attempt_fe171433fc.gdb\route_13_5a89c8da29,9cd9298ac1dea844d3eec2f070a848056ead0b6ac251cb78c66dec169795c9a9,46948.2734375,47365.609375,47413.63599653423,0.8889271254151287,26.38477631084542,26.79898987322333,0.0,0.0,2.0528788944969563e-08,1.0000000071786346,100.00000000000001,100.00000003645195,100.00000000000001,99.99999999999999
2024,9,17,C:\cheetah\diagnostics\vcf_v2_balanced_overnight_v1\2024\source_9\attempt_fe171433fc.gdb\route_17_320684bfc0,b665c0ff85a7f9a8555f337d5c67a318d3c417ad570fb967e082a3d5e83a00cf,88126.4453125,88703.03125,88703.02862022849,0.6542711843821714,57.6568542494904,57.65685424949238,0.0,0.0,2.053227908740045e-08,2.053010432414906e-08,100.0,100.0,100.0,100.0
2024,13,17,C:\cheetah\diagnostics\vcf_v2_balanced_overnight_v1\2024\source_13\attempt_411a1bc688.gdb\route_17_80a18933de,b289e17330d2cef4450366a4c68d3258a272286d9773f67d5613af2526e42a31,142264.71875,142591.46875,143765.55955190325,0.22967746527104982,98.01219330881257,98.42640687119284,0.0,0.0,0.9999999807653949,2.053010432414906e-08,100.0,100.0000000030696,100.0,100.0
2024,17,24,C:\cheetah\diagnostics\vcf_v2_balanced_overnight_v1\2024\source_17\attempt_f22f1a91c5.gdb\route_24_8c8f004d48,ceaee17599968188c22b84adac6ae21b7ea36432997c5264db5dc70e6c3b7e46,53994.23828125,54127.21875,54393.10676969605,0.24628640570374394,31.414213562371888,31.82842712474619,0.0,0.0,0.9999999928213659,2.0530534005854702e-08,67.2801501577306,68.1672757327259,100.0,100.0
2024,18,24,C:\cheetah\diagnostics\vcf_v2_balanced_overnight_v1\2024\source_18\attempt_5669aae0cd.gdb\route_24_6821740f55,4ef46f7a5a1b876fa38ffeb0b01423c993346fc0bca792f253ad768a01f88b44,25957.55859375,25448.12890625,25448.128417075735,-1.962548541150777,9.41421356237589,9.414213562373096,0.0,0.0,2.0529661472829227e-08,2.053227908740045e-08,100.0,100.0,100.0,100.0
2024,18,28,C:\cheetah\diagnostics\vcf_v2_balanced_overnight_v1\2024\source_18\attempt_5669aae0cd.gdb\route_28_761df9ed4e,4d1642fbb7b591bbffaa34cfc87b17cf97485fe0eecb2f1134e36545ea06a6ef,283829.09375,283655.75,287671.3441727264,-0.061073284528290195,163.42640687118742,160.9411254969543,0.0,0.0,2.053140654404533e-08,2.053140654404533e-08,58.112500306352594,57.4822193072979,100.0,100.0
2024,18,33,C:\cheetah\diagnostics\vcf_v2_balanced_overnight_v1\2024\source_18\attempt_5669aae0cd.gdb\route_33_b4e1e37cd2,4089ad24e1b698c9b5f560d4bc506715c36b46e20aa4405f27670441c7d90e9b,205155.578125,206221.265625,209225.6858561799,0.5194533386514433,117.9827560573004,117.9827560572969,0.0,0.0,2.053140654404533e-08,2.0529661472829227e-08,93.0136903688782,93.36477014149477,100.0,100.0
2024,24,28,C:\cheetah\diagnostics\vcf_v2_balanced_overnight_v1\2024\source_24\attempt_9c0b8228fe.gdb\route_28_af3e0e5855,30c0fcb2cac2d051866cafa9339d7ae4a34dda78b0a105cb93c47ede9c819c7c,32787.66796875,32688.0859375,32688.08603286898,-0.30371794463976975,21.00000000000093,21.0,0.0,0.0,2.0529661472829227e-08,2.0528788944969563e-08,100.0,100.0,100.0,100.0
2024,24,33,C:\cheetah\diagnostics\vcf_v2_balanced_overnight_v1\2024\source_24\attempt_9c0b8228fe.gdb\route_33_4ed9df733f,67dff09746b5a0095a8ffa75952d3bed73e95a47117b2c659b65e218b6058cf6,67720.0546875,67431.4453125,68272.43238146883,-0.4261800678274863,39.69848480983675,39.698484809834994,0.0,0.0,2.0530534005854702e-08,2.0529661472829227e-08,66.46293044902998,66.4629305409012,100.0,100.0
2024,24,38,C:\cheetah\diagnostics\vcf_v2_balanced_overnight_v1\2024\source_24\attempt_9c0b8228fe.gdb\route_38_cf6c91542e,fcc25a28ad051a68ab82018d6bdd4a7135f415208ffa67eb60c66cb3e87fbdcf,182069.453125,181810.609375,182498.6302991188,-0.1421675880040607,104.72792206135874,105.55634918610407,0.0,0.0,2.0529661472829227e-08,2.000000007174909,28.488165912315118,27.526973300480893,91.14866530112734,91.0786487724149
2024,26,27,C:\cheetah\diagnostics\vcf_v2_balanced_overnight_v1\2024\source_26\attempt_99fefa5aa6.gdb\route_27_1d39ceaa11,1f639a567e58fc32d87c33c48f526b23b0029b1358f236163f41b9d987798cec,212299.09375,212837.609375,213054.81729980966,0.2536589372511111,108.56854249492822,108.56854249492382,0.0,0.0,2.0527930048796563e-08,2.053227908740045e-08,100.0,100.0,100.0,100.0
2024,26,31,C:\cheetah\diagnostics\vcf_v2_balanced_overnight_v1\2024\source_26\attempt_99fefa5aa6.gdb\route_31_eb44d96311,a0c16d4eb3cad26f275cf99aeeb3f85dd0cb4017f3fd94dda2c2286a90a438a0,47166.49609375,47177.29296875,47177.292706691966,0.02289098384271604,24.31370849898871,24.31370849898476,0.0,0.0,2.053140654404533e-08,2.052835914223407e-08,100.0,100.0,100.0,100.0
2024,26,32,C:\cheetah\diagnostics\vcf_v2_balanced_overnight_v1\2024\source_26\attempt_99fefa5aa6.gdb\route_32_95d2f5890d,02b976742da8575fbb5743821b646502a88dabbb2c8f3d211f4015a706e4e541,253825.09375,253643.71875,254114.330035235,-0.0714566859093324,117.98275605729712,117.98275605729692,0.0,0.0,2.0530534005854702e-08,2.0528788944969563e-08,96.2585943300051,96.25859436814527,100.0,100.0
2024,27,30,C:\cheetah\diagnostics\vcf_v2_balanced_overnight_v1\2024\source_27\attempt_7d0af08a57.gdb\route_30_58ee84f49a,c6c38144b82cbdfccd402ae9fb56777b188f946931483ca16c83672a9d18db22,348807.28125,350094.90625,352050.7236930983,0.3691508375013308,205.52691193458736,207.1837661840736,0.0,0.0,2.052705740508603e-08,2.0530534005854702e-08,73.83327642099079,74.02541088965744,96.3368486540929,95.85393125151275
2024,27,31,C:\cheetah\diagnostics\vcf_v2_balanced_overnight_v1\2024\source_27\attempt_7d0af08a57.gdb\route_31_9bdbb5f6f2,94850bb1cd68b1b6b9b8df8b6e977aef9fb2bda9df8d4a9fc1fef035a9923b5d,650322.0,652269.1875,653270.3242368244,0.29941898013599033,317.92388155424396,318.7523086789974,0.0,0.0,2.053227908740045e-08,2.052835914223407e-08,99.37255357595387,99.2406315775946,100.0,100.0
2024,27,32,C:\cheetah\diagnostics\vcf_v2_balanced_overnight_v1\2024\source_27\attempt_7d0af08a57.gdb\route_32_855626d299,63e98f620997109e12de91689db086421c23546d86e4fcf21aba53e0e0f7854d,915810.0,917687.75,918952.7026077252,0.20503707100818502,444.1370849898333,444.9655121145937,0.0,2207.106815566325,2.053227908740045e-08,2.0528788944969563e-08,99.5505269716598,99.45642603632942,100.0,100.0
2024,27,41,C:\cheetah\diagnostics\vcf_v2_balanced_overnight_v1\2024\source_27\attempt_7d0af08a57.gdb\route_41_bce0578890,7094dff2fa0584139bc176b47e128b333058db03e17c3a62448c4301cb5628bb,299371.03125,299160.09375,300248.31562543736,-0.07046022426393517,158.19595949289376,158.19595949289337,0.0,0.0,2.053227908740045e-08,2.052835914223407e-08,95.05143679106207,94.52776524680233,100.0,100.0
2024,28,33,C:\cheetah\diagnostics\vcf_v2_balanced_overnight_v1\2024\source_28\attempt_fc4a5e8b16.gdb\route_33_13a0a85f03,76854636ff930a6804cff80460454cf025eb4e2988fd6751e7f96d214a300880,36027.02734375,36031.65625,36031.65447715001,0.012848426837530624,21.000000000011177,21.0,0.0,0.0,2.052837437403065e-08,2.053227908740045e-08,100.0,100.0,100.0,100.0
2024,28,38,C:\cheetah\diagnostics\vcf_v2_balanced_overnight_v1\2024\source_28\attempt_fc4a5e8b16.gdb\route_38_93c13df1d5,bde7c1b55e27275ce9ccfc992e3b51fb2356dc27eea99b2df6710f27845b431f,70561.0625,70163.359375,70408.71418622024,-0.5636297285064318,37.62741699796832,36.79898987322333,0.0,0.0,2.052705740508603e-08,1.9999999928288161,82.10334978571649,80.29571481111199,100.0,100.0
2024,30,36,C:\cheetah\diagnostics\vcf_v2_balanced_overnight_v1\2024\source_30\attempt_6824a4a107.gdb\route_36_c6a7d5fb0d,7234841dc702ea3a461a2baac4e9dfcb2d149211d95547e9e28b160db173767b,53208.203125,53214.390625,53214.39093351328,0.011628845998545856,30.99999999999907,31.0,0.0,0.0,2.053227908740045e-08,2.053315163591941e-08,100.0,100.0,100.0,100.0
2024,30,40,C:\cheetah\diagnostics\vcf_v2_balanced_overnight_v1\2024\source_30\attempt_6824a4a107.gdb\route_40_1abbea1b62,7a0e46dbcf06c633176d356eea8424a488a6ed45f7ff126daf3c5605852d2296,234620.0,234756.34375,235825.36083417348,0.058112586309766456,139.8528137423812,139.26702730475878,0.0,0.0,2.053227908740045e-08,2.0527930048796563e-08,69.63798816693023,69.7651623049574,100.0,100.0
2024,30,41,C:\cheetah\diagnostics\vcf_v2_balanced_overnight_v1\2024\source_30\attempt_6824a4a107.gdb\route_41_0ab46a33fb,73233996f6fdf64be99b0f3f02d23280dfe5ba21d9c6e427f8093923b991727d,286854.6875,286982.875,288516.5772365078,0.04468725999118295,170.4924240491762,169.90663761154806,0.0,0.0,2.0530534005854702e-08,2.0529661472829227e-08,76.6351183624921,76.95834791098957,100.00000000000001,99.99999999999999
2024,31,32,C:\cheetah\diagnostics\vcf_v2_balanced_overnight_v1\2024\source_31\attempt_a508f1ee50.gdb\route_32_0ae5c0defb,00a478d016c4defb8580480c652ccfdbeda770866f054ca284200664dea7c184,120290.890625,120284.046875,120411.87900037375,-0.005689333551728293,64.72792206134909,64.72792206135786,0.0,3000.000000000002,2.0529231730611176e-08,2.0528788944969563e-08,100.0,100.0,100.0,100.0
2024,33,38,C:\cheetah\diagnostics\vcf_v2_balanced_overnight_v1\2024\source_33\attempt_4e70be4d15.gdb\route_38_8dd5fcf15c,b77383ae2d4125766fb05498a5e22a54d0cc670875db27566d819c34e32d2330,76249.4296875,75996.875,76851.61755288517,-0.33122173967079505,39.69848480982907,39.698484809834994,0.0,0.0,2.0526184766532554e-08,2.0529661472829227e-08,52.3924024064964,52.39240240169159,91.57865651954418,91.57865651476415
2024,36,40,C:\cheetah\diagnostics\vcf_v2_balanced_overnight_v1\2024\source_36\attempt_c00bc0ffc7.gdb\route_40_13a43bfe2e,a5bea41e2f0b8b162610aa4bc417998e8e8c9824d6402718cc154491bd502e68,119231.4375,120031.6796875,120501.7906951366,0.6711671051521151,63.84062043356419,63.84062043356594,0.0,0.0,2.052835914223407e-08,2.0529231730611176e-08,100.00000000000001,99.9999999884364,100.0,100.0
2024,36,41,C:\cheetah\diagnostics\vcf_v2_balanced_overnight_v1\2024\source_36\attempt_c00bc0ffc7.gdb\route_41_6706696ba2,b2952a25b6b646429925c36a08b09ef556bf1a908e633cd5b32573f921dda5b5,248247.453125,248596.96875,249900.93647101003,0.14079323699003332,149.61017305526815,148.3675323681471,0.0,0.0,3.000000019234605,2.0529661472829227e-08,52.11780548375675,51.6849223540329,96.78910396410086,98.4338325848309
2024,36,43,C:\cheetah\diagnostics\vcf_v2_balanced_overnight_v1\2024\source_36\attempt_c00bc0ffc7.gdb\route_43_af16f54cd7,6517b09b4ebb0af1d4e92ed1a0adfbf26e20d4381c293d1ccb6960d29d7bb3a2,255532.96875,257764.015625,260287.22024831243,0.8730955093245729,114.22539674441455,116.71067811865476,0.0,0.0,5.999999992828816,2.0528788944969563e-08,60.40362018033502,61.35523547166503,79.57279623558138,81.46509138720663
2024,38,40,C:\cheetah\diagnostics\vcf_v2_balanced_overnight_v1\2024\source_38\attempt_e7188c8638.gdb\route_40_063b19e692,28264952a781d79a02710ee6c4a9b868c5ab25dee0a214ae8997d886c75070e5,50401.171875,49961.5625,50792.92427040012,-0.8722205429871233,25.55634918611079,25.556349186104047,0.0,0.0,2.053140654404533e-08,2.0527930048796563e-08,100.0,100.0000000010853,100.0,100.0
2024,38,42,C:\cheetah\diagnostics\vcf_v2_balanced_overnight_v1\2024\source_38\attempt_e7188c8638.gdb\route_42_019186e509,6af5a029cc48b2e3fedd5a79bf0c003143117323e63b6e50e89c4a424f614b64,54335.640625,54786.8359375,54955.75074539655,0.8303855578218888,30.28427124746256,29.698484809834998,0.0,0.0,2.0530534005854702e-08,2.0529661472829227e-08,100.0,100.0,100.0,100.0
2024,40,42,C:\cheetah\diagnostics\vcf_v2_balanced_overnight_v1\2024\source_40\attempt_3654e88d25.gdb\route_42_96f5c40b3f,b97c1ec69fe5737bbd4170fad15350c996d4add3745b475eeb7f4fff7de3f6a4,51967.28515625,51793.7265625,52239.33685657487,-0.3339766417048029,21.828427124744216,22.242640687119284,0.0,0.0,2.053010432414906e-08,0.9999999928213659,100.0,100.00000004405648,100.0,100.0
2024,40,43,C:\cheetah\diagnostics\vcf_v2_balanced_overnight_v1\2024\source_40\attempt_3654e88d25.gdb\route_43_ce584ea5fb,522b802583ac64bdf3b90aa89d9387eb531beada59f7b9eef413838a6944b181,289662.8125,288923.46875,291553.06941442116,-0.2552428955649888,135.02438661763907,135.02438661763952,0.0,0.0,2.053010432414906e-08,2.053140654404533e-08,86.87057762837007,86.87057760355528,100.0,100.0
2024,40,45,C:\cheetah\diagnostics\vcf_v2_balanced_overnight_v1\2024\source_40\attempt_3654e88d25.gdb\route_45_bee2ad8a60,a9610b0784d5a39a94d4ed7c648bae06eca9149d8f608e28cf6732a707c7637c,300501.8125,301796.09375,303134.984275702,0.43070663675282006,143.92388155424788,143.92388155425118,0.0,0.0,2.053010432414906e-08,2.053227908740045e-08,83.225761223388,83.2257611928798,100.0,100.0
2024,41,43,C:\cheetah\diagnostics\vcf_v2_balanced_overnight_v1\2024\source_41\attempt_f5ac5d8c4a.gdb\route_43_4005be966b,7c8e3483b06d83dadbd23ecbff6244e96158cbe6a5cffa3511ad8114f3598316,258710.109375,258749.265625,258840.60899532007,0.015135183582337675,119.36753236814141,119.36753236814714,0.0,0.0,2.0529661472829227e-08,2.0526184766532554e-08,99.99999999999999,99.9999999978749,100.0,100.0
2024,41,45,C:\cheetah\diagnostics\vcf_v2_balanced_overnight_v1\2024\source_41\attempt_f5ac5d8c4a.gdb\route_45_b721f8b2d6,a5f2a5533adaa2aaad4edcb625515f154977b45bf37822f304fe5775662c3ab5,390901.65625,392031.53125,392418.7923095705,0.2890432879817162,148.1076477383215,148.10764773832477,0.0,0.0,2.0530534005854702e-08,2.053227908740045e-08,75.05792170530172,75.33759234710625,100.0,100.0
2024,42,50,C:\cheetah\diagnostics\vcf_v2_balanced_overnight_v1\2024\source_42\attempt_9bc8aeb913.gdb\route_50_4648be6439,c9c9a1101555a65402744145c501df5719b6b02b447e50e17988a67124480720,103699.78125,104002.9921875,104394.04993941696,0.292393034821381,51.828427124744984,53.485281374238575,0.0,0.0,2.053140654404533e-08,3.9999999928213654,2.6441172712129686,2.728644693406615,84.26511640934046,83.9023752240824
2024,43,45,C:\cheetah\diagnostics\vcf_v2_balanced_overnight_v1\2024\source_43\attempt_4881a7bc48.gdb\route_45_eddac97ba1,9b99edb5dc1314c384bb755a0d00194f695632187a1b9aff7a1498ceaf24eccb,65647.234375,66089.46875,66191.07989671212,0.6736527124262315,25.5563491861035,32.384776310850235,0.0,0.0,9.055385147392343,2.053227908740045e-08,8.73381707996714,11.067414658321454,21.085299645742452,28.61291340365061
2024,43,49,C:\cheetah\diagnostics\vcf_v2_balanced_overnight_v1\2024\source_43\attempt_4881a7bc48.gdb\route_49_bce8cd7311,99482ddebe5b442dce5d6996ab8d99c12d0924d08e9d33e76d2540837e3d26a0,306567.78125,306670.71875,307382.8713431165,0.03357740320273361,151.2132034355953,150.79898987322335,0.0,0.0,1.0000000071786346,2.053140654404533e-08,100.0,99.99999998711073,100.0,100.0
2024,45,49,C:\cheetah\diagnostics\vcf_v2_balanced_overnight_v1\2024\source_45\attempt_4a9f3db261.gdb\route_49_36290d4e3d,7c28866e8950b3681d28fcdce1c71a062aca9f8e1917d8ceea91a3a5bfffa9b4,237444.71875,238583.328125,238702.97671184808,0.4795260896911291,112.21320343559763,112.21320343559644,0.0,0.0,2.053227908740045e-08,2.053140654404533e-08,99.99999999999999,99.99999999527968,100.00000000000001,100.0
2024,45,50,C:\cheetah\diagnostics\vcf_v2_balanced_overnight_v1\2024\source_45\attempt_4a9f3db261.gdb\route_50_a125f3521a,ffabbe3c6db2b05aa14f1e273a47d8b903da92ac015afc4b360a0c4e747b53f4,539999.875,541795.0625,544599.46666278,0.3324422065838384,276.73506473629146,277.32085117392126,0.0,0.0,2.0529661472829227e-08,2.053227908740045e-08,54.89143576854728,55.157308511981356,92.63462600426219,92.61850327300493
2024,45,53,C:\cheetah\diagnostics\vcf_v2_balanced_overnight_v1\2024\source_45\attempt_4a9f3db261.gdb\route_53_33fcef8137,c9418fa2192b38db9464839f8c46f35eb573aea1a791f268346638739c5fa4a7,665692.75,666775.4375,667244.9452253482,0.16264072276586106,267.59797974644584,267.5979797464467,0.0,0.0,2.053227908740045e-08,2.053227908740045e-08,98.87891527984775,98.72412580527258,100.0,100.0
2024,49,53,C:\cheetah\diagnostics\vcf_v2_balanced_overnight_v1\2024\source_49\attempt_4650e99080.gdb\route_53_e9866326cb,0b843e3cfcfebb313512b6bf57f861b716a11ef59d57f2302dd9ec108b46e2c8,350951.3125,351305.40625,351305.3907357073,0.10089540554147902,124.7279220613663,124.72792206135786,0.0,0.0,2.052837437403065e-08,2.053227908740045e-08,100.0,100.0,100.0,100.0
2024,50,53,C:\cheetah\diagnostics\vcf_v2_balanced_overnight_v1\2024\source_50\attempt_f5fe17fbd4.gdb\route_53_8e7fa7df28,f620a297c32089f98d8c1ca378d1d4af62bf8ffb623643fc6727124f01709d45,637808.6875,638723.5,641537.2947419985,0.14343054867844707,260.4924240491876,259.9066376115481,0.0,0.0,2.0529661472829227e-08,2.0530976922847057e-08,97.59812188451147,97.60352313653422,100.0,100.0
